,TIMESTAMP,AMOUNT,PRICE,SIDE,ORDERID,LIST,OFFLOAD,ORDERSRCID,S_PRICE,B_PRICE,TRANSFERT,BTC_TRANSFERED,ETH_TRANSFERED,HAS_PROFIT_ORDER
0,1722820260695,0.0049,0.0406489795918367,sell,4064204813,WAIT_SELL,False,0,0.04011,0,True,0.0001991799999999,0.0,True
1,1722820273857,0.0048,0.041,sell,4064206551,WAIT_SELL,False,0,0.04083,0,True,0.0001967999999999,0.0,True
2,1722820286210,0.0048,0.0413895833333333,sell,4064208097,WAIT_SELL,False,0,0.04137,0,True,0.0001986699999999,0.0,True
3,1722820297568,0.0048,0.0415583333333333,sell,4064209892,WAIT_SELL,False,0,0.04149,0,True,0.0001994799999999,0.0,True
4,1722820307612,0.0048,0.0415583333333333,sell,4064211809,WAIT_SELL,False,0,0.04135,0,True,0.0001994799999999,0.0,True
5,1722824242122,0.0047,0.0414297872340425,sell,4064848317,WAIT_SELL,False,0,0.04173,0,True,0.0001947199999999,0.0,True
6,1722824256701,0.0048,0.0414583333333333,sell,4064852375,WAIT_SELL,False,0,0.04143,0,True,0.0001989999999999,0.0,True
7,1722824268111,0.0048,0.04165,sell,4064854945,WAIT_SELL,False,0,0.04153,0,True,0.0001999199999999,0.0,True
8,1722824279901,0.0047,0.0416787234042553,sell,4064857329,WAIT_SELL,False,0,0.04167,0,True,0.0001958899999999,0.0,True
9,1722824324686,0.0047,0.0416872340425531,sell,4064866720,WAIT_SELL,False,0,0.0417,0,True,0.0001959299999999,0.0,True
10,1722824367970,0.0047,0.0417382978723404,sell,4064871658,WAIT_SELL,False,0,0.04174,0,True,0.0001961699999999,0.0,True
11,1722824379233,0.0047,0.0417680851063829,sell,4064873108,WAIT_SELL,False,0,0.04176,0,True,0.0001963099999999,0.0,True
12,1722824403594,0.0048,0.04166875,sell,4064876496,WAIT_SELL,False,0,0.04166,0,True,0.0002000099999999,0.0,True
13,1722824425929,0.0047,0.0417085106382978,sell,4064879469,WAIT_SELL,False,0,0.04172,0,True,0.0001960299999999,0.0,True
14,1722824458367,0.0048,0.0416395833333333,sell,4064883493,WAIT_SELL,False,0,0.04165,0,True,0.0001998699999999,0.0,True
15,1722824471128,0.0047,0.0416680851063829,sell,4064885196,WAIT_SELL,False,0,0.04168,0,True,0.0001958399999999,0.0,True
16,1723102425784,0.0047,0.0421893617021276,sell,4075837781,WAIT_SELL,False,0,0.04217,0,False,0.0,0.0,False
17,1723102447326,0.0047,0.0422085106382978,sell,4075838285,WAIT_SELL,False,0,0.0422,0,False,0.0,0.0,False
18,1723102457697,0.0047,0.0422191489361702,sell,4075838508,WAIT_SELL,False,0,0.04221,0,False,0.0,0.0,False
19,1723102644725,0.0047,0.0421787234042553,sell,4075841741,WAIT_SELL,False,0,0.04219,0,False,0.0,0.0,False
20,1723131215580,0.0047,0.0421680851063829,sell,4076561186,WAIT_SELL,False,0,0.04216,0,False,0.0,0.0,False
21,1723131258057,0.0047,0.0421489361702127,sell,4076562247,WAIT_SELL,False,0,0.04215,0,False,0.0,0.0,False
22,1723131280582,0.0047,0.042127659574468,sell,4076562949,WAIT_SELL,False,0,0.04213,0,False,0.0,0.0,False
23,1723131291132,0.0047,0.0421382978723404,sell,4076563197,WAIT_SELL,False,0,0.04214,0,False,0.0,0.0,False
24,1723131371824,0.0047,0.0421191489361702,sell,4076565299,WAIT_SELL,False,0,0.04212,0,False,0.0,0.0,False
25,1723131461316,0.0047,0.0421297872340425,sell,4076572862,WAIT_SELL,False,0,0.04211,0,False,0.0,0.0,False
26,1723217653199,0.0046,0.0428282608695652,sell,4078516034,WAIT_SELL,False,0,0.04283,0,False,0.0,0.0,False
27,1723217727388,0.0046,0.0428086956521739,sell,4078518204,WAIT_SELL,False,0,0.04282,0,False,0.0,0.0,False
28,1723217741244,0.0046,0.0427891304347826,sell,4078519366,WAIT_SELL,False,0,0.04279,0,False,0.0,0.0,False
29,1723217754231,0.0046,0.0428086956521739,sell,4078519780,WAIT_SELL,False,0,0.04281,0,False,0.0,0.0,False
30,1723217791481,0.0046,0.0427782608695652,sell,4078520937,WAIT_SELL,False,0,0.0428,0,False,0.0,0.0,False
31,1723217804978,0.0046,0.0427891304347826,sell,4078521866,WAIT_SELL,False,0,0.04277,0,False,0.0,0.0,False
32,1723218719151,0.0046,0.0427891304347826,sell,4078547012,WAIT_SELL,False,0,0.04278,0,False,0.0,0.0,False
33,1723218895936,0.0046,0.0427586956521739,sell,4078550845,WAIT_SELL,False,0,0.04276,0,False,0.0,0.0,False
34,1723219019551,0.0046,0.04275,sell,4078553806,WAIT_SELL,False,0,0.04275,0,False,0.0,0.0,False
35,1723219493176,0.0046,0.0427282608695652,sell,4078568358,WAIT_SELL,False,0,0.04274,0,False,0.0,0.0,False
36,1723233379216,0.0046,0.0427282608695652,sell,4078760122,WAIT_SELL,False,0,0.04273,0,False,0.0,0.0,False
37,1723233454224,0.0046,0.0427173913043478,sell,4078760842,WAIT_SELL,False,0,0.04272,0,False,0.0,0.0,False
38,1723233539771,0.0046,0.0427086956521739,sell,4078761712,WAIT_SELL,False,0,0.04271,0,False,0.0,0.0,False
39,1723233599900,0.0046,0.0427,sell,4078763046,WAIT_SELL,False,0,0.0427,0,False,0.0,0.0,False
40,1723233614147,0.0046,0.0426891304347826,sell,4078763445,WAIT_SELL,False,0,0.04269,0,False,0.0,0.0,False
41,1723234017682,0.0046,0.0426782608695652,sell,4078766943,WAIT_SELL,False,0,0.04268,0,False,0.0,0.0,False
42,1723234065611,0.0046,0.0426695652173913,sell,4078767213,WAIT_SELL,False,0,0.04267,0,False,0.0,0.0,False
43,1723237475443,0.0046,0.0426586956521739,sell,4078802051,WAIT_SELL,False,0,0.04266,0,False,0.0,0.0,False
44,1723237500683,0.0046,0.0426391304347826,sell,4078802555,WAIT_SELL,False,0,0.04265,0,False,0.0,0.0,False
45,1723245889677,0.0046,0.0426391304347826,sell,4078923366,WAIT_SELL,False,0,0.04264,0,False,0.0,0.0,False
46,1723246435246,0.0046,0.0426195652173913,sell,4078929148,WAIT_SELL,False,0,0.04263,0,False,0.0,0.0,False
47,1723246449589,0.0046,0.0426195652173913,sell,4078929625,WAIT_SELL,False,0,0.04262,0,False,0.0,0.0,False
48,1723250341682,0.0046,0.0426282608695652,sell,4079004937,WAIT_SELL,False,0,0.04261,0,False,0.0,0.0,False
49,1723250625434,0.0046,0.0425891304347826,sell,4079012408,WAIT_SELL,False,0,0.0426,0,False,0.0,0.0,False
50,1723251101071,0.0046,0.0426,sell,4079022334,WAIT_SELL,False,0,0.04259,0,False,0.0,0.0,False
51,1723313579502,0.0046,0.0428195652173913,sell,4079650371,WAIT_SELL,False,0,0.04285,0,False,0.0,0.0,False
52,1723337915732,0.0046,0.04295,sell,4079848678,WAIT_SELL,False,0,0.04295,0,False,0.0,0.0,False
53,1723338072541,0.0046,0.04295,sell,4079849791,WAIT_SELL,False,0,0.04296,0,False,0.0,0.0,False
54,1723338280427,0.0046,0.0429391304347826,sell,4079851516,WAIT_SELL,False,0,0.04294,0,False,0.0,0.0,False
55,1723338682460,0.0046,0.0429695652173913,sell,4079854511,WAIT_SELL,False,0,0.04297,0,False,0.0,0.0,False
56,1723338703315,0.0046,0.0429782608695652,sell,4079854678,WAIT_SELL,False,0,0.04298,0,False,0.0,0.0,False
57,1723338723728,0.0046,0.0429891304347826,sell,4079854819,WAIT_SELL,False,0,0.04299,0,False,0.0,0.0,False
58,1723342776344,0.0046,0.0430195652173913,sell,4079884491,WAIT_SELL,False,0,0.04302,0,False,0.0,0.0,False
59,1723342818722,0.0046,0.0430086956521739,sell,4079884767,WAIT_SELL,False,0,0.04301,0,False,0.0,0.0,False
60,1723342831109,0.0046,0.043,sell,4079884869,WAIT_SELL,False,0,0.043,0,False,0.0,0.0,False
61,1723344171156,0.0046,0.0430282608695652,sell,4079894109,WAIT_SELL,False,0,0.04303,0,False,0.0,0.0,False
62,1723344325193,0.0046,0.0430391304347826,sell,4079894702,WAIT_SELL,False,0,0.04304,0,False,0.0,0.0,False
63,1724269528883,0.0046,0.0430478260869565,sell,4093147324,WAIT_SELL,False,0,0.04306,0,False,0.0,0.0,False
64,1724278357370,0.0046,0.0429391304347826,sell,4093275007,WAIT_SELL,False,0,0.04293,0,False,0.0,0.0,False
65,1724283345287,0.0046,0.0429282608695652,sell,4093314692,WAIT_SELL,False,0,0.04292,0,False,0.0,0.0,False
66,1724475639581,0.0046,0.0429086956521739,sell,4095491965,WAIT_SELL,False,0,0.04291,0,False,0.0,0.0,False
67,1724486234511,0.0046,0.0429,sell,4095567124,WAIT_SELL,False,0,0.0429,0,False,0.0,0.0,False
68,1724486415990,0.0046,0.0428869565217391,sell,4095569047,WAIT_SELL,False,0,0.04289,0,False,0.0,0.0,False
69,1724768000501,0.0047,0.0417680851063829,sell,4098091690,WAIT_SELL,False,0,0.04186,0,True,0.00019631,0.0,True
70,1724768144610,0.0047,0.0417085106382978,sell,4098109920,WAIT_SELL,False,0,0.04169,0,True,0.00019603,0.0,True
71,1724768264906,0.0047,0.0417680851063829,sell,4098115365,WAIT_SELL,False,0,0.0418,0,True,0.00019631,0.0,True
72,1724768295246,0.0047,0.0417787234042553,sell,4098116398,WAIT_SELL,False,0,0.04178,0,True,0.00019636,0.0,True
73,1724770678644,0.0047,0.0417893617021276,sell,4098166533,WAIT_SELL,False,0,0.04177,0,True,0.00019641,0.0,True
74,1724774723442,0.0047,0.0416893617021276,sell,4098245755,WAIT_SELL,False,0,0.04171,0,True,0.00019594,0.0,True
75,1724774898929,0.0048,0.0416395833333333,sell,4098250071,WAIT_SELL,False,0,0.04164,0,True,0.00019987,0.0,True
76,1724774988429,0.0048,0.0416083333333333,sell,4098253936,WAIT_SELL,False,0,0.04161,0,True,0.0001997199999999,0.0,True
77,1724775046984,0.0048,0.0416291666666666,sell,4098254831,WAIT_SELL,False,0,0.04162,0,True,0.00019982,0.0,True
78,1724775075215,0.0048,0.0416291666666666,sell,4098255390,WAIT_SELL,False,0,0.04163,0,True,0.00019982,0.0,True
79,1724784624931,0.0048,0.0416,sell,4098364011,WAIT_SELL,False,0,0.0416,0,True,0.0001996799999999,0.0,True
80,1724784853179,0.0048,0.0415895833333333,sell,4098365664,WAIT_SELL,False,0,0.04159,0,True,0.0001996299999999,0.0,True
81,1724784939313,0.0048,0.0415791666666666,sell,4098366415,WAIT_SELL,False,0,0.04158,0,True,0.0001995799999999,0.0,True
82,1724793258168,0.0048,0.0413291666666666,sell,4098438172,WAIT_SELL,False,0,0.04156,0,True,0.0001983799999999,0.0,True
83,1724793293751,0.0048,0.0414895833333333,sell,4098443794,WAIT_SELL,False,0,0.0414,0,True,0.0001991499999999,0.0,True
84,1724793323106,0.0048,0.0414791666666666,sell,4098445767,WAIT_SELL,False,0,0.04151,0,True,0.0001990999999999,0.0,True
85,1724793369030,0.0048,0.0415291666666666,sell,4098447365,WAIT_SELL,False,0,0.04152,0,True,0.0001993399999999,0.0,True
86,1724793414604,0.0048,0.0415583333333333,sell,4098449275,WAIT_SELL,False,0,0.04157,0,True,0.00019948,0.0,True
87,1724795286929,0.0048,0.0412,sell,4098514092,WAIT_SELL,False,0,0.04111,0,True,0.0001977599999999,0.0,True
88,1724795322834,0.0048,0.0409395833333333,sell,4098521344,WAIT_SELL,False,0,0.04118,0,True,0.00019651,0.0,True
89,1724795358735,0.0049,0.040769387755102,sell,4098531306,WAIT_SELL,False,0,0.0404,0,True,0.00019977,0.0,True
90,1724795394565,0.0048,0.0408895833333333,sell,4098534654,WAIT_SELL,False,0,0.04082,0,True,0.00019627,0.0,True
91,1724795429626,0.0048,0.0409083333333333,sell,4098536991,WAIT_SELL,False,0,0.04089,0,True,0.0001963599999999,0.0,True
92,1724795462223,0.0048,0.04101875,sell,4098539608,WAIT_SELL,False,0,0.04092,0,True,0.00019689,0.0,True
93,1724795495407,0.0048,0.041,sell,4098541004,WAIT_SELL,False,0,0.04102,0,True,0.0001967999999999,0.0,True
94,1724795529647,0.0048,0.04101875,sell,4098542387,WAIT_SELL,False,0,0.041,0,True,0.00019689,0.0,True
95,1724795563079,0.0048,0.04105,sell,4098544271,WAIT_SELL,False,0,0.04107,0,True,0.00019704,0.0,True
96,1724795597825,0.0048,0.0410395833333333,sell,4098545790,WAIT_SELL,False,0,0.04105,0,True,0.0001969899999999,0.0,True
97,1724795630090,0.0048,0.04115,sell,4098547247,WAIT_SELL,False,0,0.04106,0,True,0.0001975199999999,0.0,True
98,1724795662806,0.0048,0.04111875,sell,4098548502,WAIT_SELL,False,0,0.04114,0,True,0.00019737,0.0,True
99,1724795710618,0.0048,0.0412083333333333,sell,4098551795,WAIT_SELL,False,0,0.04115,0,True,0.0001977999999999,0.0,True
100,1724795741221,0.0048,0.0412083333333333,sell,4098552962,WAIT_SELL,False,0,0.04122,0,True,0.0001977999999999,0.0,True
101,1724795773337,0.0048,0.0412291666666666,sell,4098554308,WAIT_SELL,False,0,0.04121,0,True,0.0001978999999999,0.0,True
102,1724795803427,0.0048,0.0412583333333333,sell,4098555652,WAIT_SELL,False,0,0.04124,0,True,0.00019804,0.0,True
103,1724795833947,0.0048,0.0412791666666666,sell,4098556856,WAIT_SELL,False,0,0.04127,0,True,0.0001981399999999,0.0,True
104,1724795880657,0.0048,0.0412895833333333,sell,4098558613,WAIT_SELL,False,0,0.04129,0,True,0.0001981899999999,0.0,True
105,1724795957836,0.0048,0.0412395833333333,sell,4098561313,WAIT_SELL,False,0,0.04128,0,True,0.00019795,0.0,True
106,1724795989354,0.0048,0.0412395833333333,sell,4098562174,WAIT_SELL,False,0,0.04125,0,True,0.00019795,0.0,True
107,1724796133201,0.0048,0.0412895833333333,sell,4098569405,WAIT_SELL,False,0,0.04131,0,True,0.0001981899999999,0.0,True
108,1724796190618,0.0048,0.04121875,sell,4098571278,WAIT_SELL,False,0,0.04123,0,True,0.0001978499999999,0.0,True
109,1724796468191,0.0048,0.0413791666666666,sell,4098584178,WAIT_SELL,False,0,0.04132,0,True,0.00019862,0.0,True
110,1724796521824,0.0048,0.0413,sell,4098587092,WAIT_SELL,False,0,0.04134,0,True,0.00019824,0.0,True
111,1724796633676,0.0048,0.0413083333333333,sell,4098596114,WAIT_SELL,False,0,0.0413,0,True,0.00019828,0.0,True
112,1724796792389,0.0048,0.04136875,sell,4098608617,WAIT_SELL,False,0,0.04136,0,True,0.00019857,0.0,True
113,1724801244921,0.0048,0.04131875,sell,4098794738,WAIT_SELL,False,0,0.04133,0,True,0.0001983299999999,0.0,True
114,1724801910753,0.0048,0.0412583333333333,sell,4098805354,WAIT_SELL,False,0,0.04126,0,True,0.00019804,0.0,True
115,1724804214013,0.0048,0.0412083333333333,sell,4098846879,WAIT_SELL,False,0,0.04119,0,True,0.0001977999999999,0.0,True
116,1724804717309,0.0048,0.0412395833333333,sell,4098859708,WAIT_SELL,False,0,0.0412,0,True,0.00019795,0.0,True
117,1724808589462,0.0048,0.0411583333333333,sell,4098968618,WAIT_SELL,False,0,0.0411,0,True,0.0001975599999999,0.0,True
118,1724808622232,0.0048,0.0411583333333333,sell,4098969734,WAIT_SELL,False,0,0.04116,0,True,0.0001975599999999,0.0,True
119,1724808751978,0.0048,0.04116875,sell,4098974791,WAIT_SELL,False,0,0.04117,0,True,0.0001976099999999,0.0,True
120,1724809007418,0.0048,0.04111875,sell,4098980943,WAIT_SELL,False,0,0.04113,0,True,0.00019737,0.0,True
121,1724809041225,0.0048,0.0411,sell,4098981999,WAIT_SELL,False,0,0.04112,0,True,0.0001972799999999,0.0,True
122,1724809074501,0.0048,0.0411,sell,4098984540,WAIT_SELL,False,0,0.04108,0,True,0.0001972799999999,0.0,True
123,1724809139975,0.0048,0.0410895833333333,sell,4098986279,WAIT_SELL,False,0,0.04109,0,True,0.0001972299999999,0.0,True
124,1724815488596,0.0048,0.0415395833333333,sell,4099112130,WAIT_SELL,False,0,0.04154,0,True,0.0001993899999999,0.0,True
125,1724815809326,0.0048,0.0414791666666666,sell,4099115210,WAIT_SELL,False,0,0.04148,0,True,0.0001990999999999,0.0,True
126,1724815861407,0.0048,0.0414791666666666,sell,4099115900,WAIT_SELL,False,0,0.04147,0,True,0.0001990999999999,0.0,True
127,1724816060946,0.0048,0.0414895833333333,sell,4099118346,WAIT_SELL,False,0,0.0415,0,True,0.0001991499999999,0.0,True
128,1724817542882,0.0048,0.04155,sell,4099137105,WAIT_SELL,False,0,0.04155,0,True,0.0001994399999999,0.0,True
129,1724839682714,0.0047,0.0420191489361702,sell,4099475886,WAIT_SELL,False,0,0.04201,0,True,0.00019749,0.0,True
130,1724839748302,0.0047,0.042,sell,4099477787,WAIT_SELL,False,0,0.04199,0,True,0.0001974,0.0,True
131,1724839769545,0.0047,0.042,sell,4099478068,WAIT_SELL,False,0,0.042,0,True,0.0001974,0.0,True
132,1724840442589,0.0047,0.0419893617021276,sell,4099494185,WAIT_SELL,False,0,0.04198,0,True,0.00019735,0.0,True
133,1724852746556,0.0047,0.0420489361702127,sell,4099656991,WAIT_SELL,False,0,0.04202,0,True,0.00019763,0.0,True
134,1724853069922,0.0047,0.0419680851063829,sell,4099663301,WAIT_SELL,False,0,0.04197,0,True,0.00019725,0.0,True
135,1724853091145,0.0047,0.0419489361702127,sell,4099663769,WAIT_SELL,False,0,0.04196,0,True,0.00019716,0.0,True
136,1724853176777,0.0047,0.0419382978723404,sell,4099665477,WAIT_SELL,False,0,0.04195,0,True,0.00019711,0.0,True
137,1724853200642,0.0047,0.0419297872340425,sell,4099666099,WAIT_SELL,False,0,0.04194,0,True,0.00019707,0.0,True
138,1724853244451,0.0047,0.0419085106382978,sell,4099668124,WAIT_SELL,False,0,0.04191,0,True,0.0001969699999999,0.0,True
139,1724853484853,0.0047,0.0418787234042553,sell,4099674117,WAIT_SELL,False,0,0.04188,0,True,0.00019683,0.0,True
140,1724853571497,0.0047,0.0419,sell,4099679416,WAIT_SELL,False,0,0.0419,0,True,0.00019693,0.0,True
141,1724853616301,0.0047,0.0418787234042553,sell,4099682480,WAIT_SELL,False,0,0.04185,0,True,0.00019683,0.0,True
142,1724853639374,0.0047,0.0419382978723404,sell,4099684331,WAIT_SELL,False,0,0.04189,0,True,0.00019711,0.0,True
143,1724856911778,0.0047,0.0422489361702127,sell,4099779504,WAIT_SELL,False,0,0.04225,0,False,0.0,0.0,True
144,1724951780477,0.0046,0.0425586956521739,sell,4101141527,WAIT_SELL,False,0,0.04257,0,False,0.0,0.0,True
145,1724951797191,0.0046,0.0425586956521739,sell,4101141676,WAIT_SELL,False,0,0.04256,0,False,0.0,0.0,True
146,1724951846663,0.0047,0.0425489361702127,sell,4101142083,WAIT_SELL,False,0,0.04255,0,False,0.0,0.0,True
147,1724952041889,0.0046,0.0425782608695652,sell,4101143288,WAIT_SELL,False,0,0.04258,0,False,0.0,0.0,True
148,1724952372702,0.0047,0.0425191489361702,sell,4101149162,WAIT_SELL,False,0,0.04252,0,False,0.0,0.0,True
149,1724952456156,0.0047,0.0425085106382978,sell,4101149612,WAIT_SELL,False,0,0.04251,0,False,0.0,0.0,True
150,1724967904280,0.0047,0.0424787234042553,sell,4101372902,WAIT_SELL,False,0,0.04248,0,False,0.0,0.0,True
151,1724967921341,0.0047,0.0424787234042553,sell,4101372951,WAIT_SELL,False,0,0.04248,0,False,0.0,0.0,True
152,1724968018622,0.0047,0.04250851063829787,sell,4101373432,WAIT_SELL,False,0,0.0425,0,False,0.0,0.0,True
153,1724969250907,0.0047,0.0425,sell,4101388438,WAIT_SELL,False,0,0.04249,0,False,0.0,0.0,True
154,1724970808681,0.0046,0.0426,sell,4101414688,WAIT_SELL,False,0,0.04261,0,False,0.0,0.0,True
155,1724970828935,0.0046,0.0426,sell,4101414802,WAIT_SELL,False,0,0.0426,0,False,0.0,0.0,True
156,1724970866713,0.0046,0.04258913043478261,sell,4101415185,WAIT_SELL,False,0,0.04259,0,False,0.0,0.0,True
157,1724971013699,0.0046,0.04262826086956522,sell,4101416980,WAIT_SELL,False,0,0.04262,0,False,0.0,0.0,True
158,1724971034037,0.0046,0.04262826086956522,sell,4101417126,WAIT_SELL,False,0,0.04263,0,False,0.0,0.0,True
159,1724977963117,0.0047,0.042538297872340425,sell,4101468054,WAIT_SELL,False,0,0.04254,0,False,0.0,0.0,True
160,1724978047774,0.0047,0.04251914893617021,sell,4101468844,WAIT_SELL,False,0,0.04253,0,False,0.0,0.0,True
161,1724986829492,0.0047,0.042457446808510636,sell,4101547567,WAIT_SELL,False,0,0.04247,0,False,0.0,0.0,True
162,1724986846725,0.0047,0.04244893617021277,sell,4101547780,WAIT_SELL,False,0,0.04245,0,False,0.0,0.0,True
163,1724986882874,0.0047,0.04244893617021277,sell,4101548224,WAIT_SELL,False,0,0.04246,0,False,0.0,0.0,True
164,1725004523327,0.0047,0.04243829787234042,sell,4101702231,WAIT_SELL,False,0,0.04244,0,False,0.0,0.0,True
165,1725005026492,0.0047,0.04240851063829787,sell,4101707286,WAIT_SELL,False,0,0.04241,0,False,0.0,0.0,True
166,1725005116896,0.0047,0.04240851063829787,sell,4101708137,WAIT_SELL,False,0,0.04242,0,False,0.0,0.0,True
167,1725005136077,0.0047,0.04240851063829787,sell,4101708405,WAIT_SELL,False,0,0.0424,0,False,0.0,0.0,True
168,1725005381873,0.0047,0.04242978723404255,sell,4101710090,WAIT_SELL,False,0,0.04243,0,False,0.0,0.0,True
169,1722745467984,0.0041,0.0480390243902439,buy,4062262656,WAIT_BUY,False,0,0,0.04804,True,0.0,0.0041,True
170,1722760902789,0.0041,0.0480487804878048,buy,4062423776,WAIT_BUY,False,0,0,0.04805,True,0.0,0.0041,True
171,1722762507799,0.0041,0.0480585365853658,buy,4062441238,WAIT_BUY,False,0,0,0.04806,True,0.0,0.0041,True
172,1722762593694,0.0041,0.0480682926829268,buy,4062442051,WAIT_BUY,False,0,0,0.04807,True,0.0,0.0041,True
173,1722783240525,0.0041,0.0481,buy,4062731762,WAIT_BUY,False,0,0,0.0481,True,0.0,0.0041,True
174,1722783261213,0.0041,0.0481487804878048,buy,4062734806,WAIT_BUY,False,0,0,0.04815,True,0.0,0.0041,True
175,1722783270903,0.0041,0.0481682926829268,buy,4062736417,WAIT_BUY,False,0,0,0.04817,True,0.0,0.0041,True
176,1722783290382,0.0041,0.0481585365853658,buy,4062737228,WAIT_BUY,False,0,0,0.04816,True,0.0,0.0041,True
177,1722783309241,0.0041,0.0481292682926829,buy,4062738142,WAIT_BUY,False,0,0,0.04814,True,0.0,0.0041,True
178,1722783354815,0.0041,0.0481195121951219,buy,4062740427,WAIT_BUY,False,0,0,0.04813,True,0.0,0.0041,True
179,1722783364702,0.0041,0.0481195121951219,buy,4062740635,WAIT_BUY,False,0,0,0.04812,True,0.0,0.0041,True
180,1722783445579,0.0041,0.0480682926829268,buy,4062743591,WAIT_BUY,False,0,0,0.04808,True,0.0,0.0041,True
181,1722783615627,0.0041,0.0480878048780487,buy,4062750840,WAIT_BUY,False,0,0,0.04809,True,0.0,0.0041,True
182,1722783650734,0.0041,0.0481097560975609,buy,4062752374,WAIT_BUY,False,0,0,0.04811,True,0.0,0.0041,True
183,1722783861639,0.0041,0.0482,buy,4062761087,WAIT_BUY,False,0,0,0.04819,True,0.0,0.0041,True
184,1722783871099,0.0041,0.0482,buy,4062761569,WAIT_BUY,False,0,0,0.0482,True,0.0,0.0041,True
185,1722783889389,0.0041,0.0481878048780487,buy,4062762230,WAIT_BUY,False,0,0,0.04821,True,0.0,0.0041,True
186,1722783899628,0.0041,0.0481682926829268,buy,4062762633,WAIT_BUY,False,0,0,0.04818,True,0.0,0.0041,True
187,1722784219943,0.0041,0.0480292682926829,buy,4062776493,WAIT_BUY,False,0,0,0.04802,True,0.0,0.0041,True
188,1722784247375,0.0041,0.048,buy,4062777655,WAIT_BUY,False,0,0,0.048,True,0.0,0.0041,True
189,1722784266497,0.0041,0.0479878048780487,buy,4062778480,WAIT_BUY,False,0,0,0.04799,True,0.0,0.0041,True
190,1722785934313,0.0041,0.0479292682926829,buy,4062828065,WAIT_BUY,False,0,0,0.04793,True,0.0,0.0041,True
191,1722785943903,0.0041,0.0479487804878048,buy,4062828512,WAIT_BUY,False,0,0,0.04794,True,0.0,0.0041,True
192,1722785953683,0.0041,0.0479390243902439,buy,4062829060,WAIT_BUY,False,0,0,0.04796,True,0.0,0.0041,True
193,1722785963790,0.0041,0.0479195121951219,buy,4062829433,WAIT_BUY,False,0,0,0.04792,True,0.0,0.0041,True
194,1722786017839,0.0041,0.0479487804878048,buy,4062830713,WAIT_BUY,False,0,0,0.04795,True,0.0,0.0041,True
195,1722786134498,0.0041,0.0479682926829268,buy,4062833198,WAIT_BUY,False,0,0,0.04797,True,0.0,0.0041,True
196,1722786179592,0.0041,0.048,buy,4062834577,WAIT_BUY,False,0,0,0.04801,True,0.0,0.0041,True
197,1722786307374,0.0041,0.0479878048780487,buy,4062836769,WAIT_BUY,False,0,0,0.04798,True,0.0,0.0041,True
198,1722786573168,0.0041,0.0479097560975609,buy,4062843109,WAIT_BUY,False,0,0,0.04791,True,0.0,0.0041,True
199,1722786737994,0.0041,0.0479,buy,4062848283,WAIT_BUY,False,0,0,0.0479,True,0.0,0.0041,True
200,1722786803076,0.0041,0.0478878048780487,buy,4062850551,WAIT_BUY,False,0,0,0.04789,True,0.0,0.0041,True
201,1722786955430,0.0041,0.0478780487804878,buy,4062853727,WAIT_BUY,False,0,0,0.04788,True,0.0,0.0041,True
202,1722805980376,0.0042,0.0466095238095238,buy,4063640655,WAIT_BUY,False,0,0,0.04661,True,0.0,0.0042,True
203,1722806507503,0.0042,0.0466285714285714,buy,4063648266,WAIT_BUY,False,0,0,0.04662,True,0.0,0.0042,True
204,1722806517593,0.0042,0.0466595238095238,buy,4063648974,WAIT_BUY,False,0,0,0.04663,True,0.0,0.0042,True
205,1722806527715,0.0042,0.0466595238095238,buy,4063649257,WAIT_BUY,False,0,0,0.04666,True,0.0,0.0042,True
206,1722806557413,0.0042,0.0466880952380952,buy,4063650114,WAIT_BUY,False,0,0,0.04669,True,0.0,0.0042,True
207,1722806567660,0.0042,0.0467,buy,4063650425,WAIT_BUY,False,0,0,0.04668,True,0.0,0.0042,True
208,1722806577950,0.0042,0.0467,buy,4063650569,WAIT_BUY,False,0,0,0.0467,True,0.0,0.0042,True
209,1722806682417,0.0042,0.0466690476190476,buy,4063651495,WAIT_BUY,False,0,0,0.04667,True,0.0,0.0042,True
210,1722806739969,0.0042,0.0467190476190476,buy,4063652390,WAIT_BUY,False,0,0,0.04672,True,0.0,0.0042,True
211,1722806841435,0.0042,0.0467190476190476,buy,4063653262,WAIT_BUY,False,0,0,0.04671,True,0.0,0.0042,True
212,1722806930608,0.0042,0.0467595238095238,buy,4063655463,WAIT_BUY,False,0,0,0.04677,True,0.0,0.0042,True
213,1722806940862,0.0042,0.0467595238095238,buy,4063655532,WAIT_BUY,False,0,0,0.04676,True,0.0,0.0042,True
214,1722806989413,0.0042,0.0467190476190476,buy,4063656743,WAIT_BUY,False,0,0,0.04673,True,0.0,0.0042,True
215,1722807093943,0.0042,0.0467380952380952,buy,4063657718,WAIT_BUY,False,0,0,0.04674,True,0.0,0.0042,True
216,1722807404942,0.0042,0.0466380952380952,buy,4063664489,WAIT_BUY,False,0,0,0.04664,True,0.0,0.0042,True
217,1722807414658,0.0042,0.04665,buy,4063665490,WAIT_BUY,False,0,0,0.04665,True,0.0,0.0042,True
218,1722808348066,0.0042,0.04675,buy,4063683185,WAIT_BUY,False,0,0,0.04675,True,0.0,0.0042,True
219,1722810695669,0.0042,0.0465380952380952,buy,4063734310,WAIT_BUY,False,0,0,0.04654,True,0.0,0.0042,True
220,1722810735557,0.0042,0.0465285714285714,buy,4063734972,WAIT_BUY,False,0,0,0.04653,True,0.0,0.0042,True
221,1722810794072,0.0042,0.0465095238095238,buy,4063735749,WAIT_BUY,False,0,0,0.04652,True,0.0,0.0042,True
222,1722810804176,0.0043,0.0465093023255814,buy,4063735890,WAIT_BUY,False,0,0,0.04651,True,0.0,0.0043,True
223,1722810881971,0.0043,0.0464883720930232,buy,4063737099,WAIT_BUY,False,0,0,0.04649,True,0.0,0.0043,True
224,1722810892482,0.0043,0.0465,buy,4063737259,WAIT_BUY,False,0,0,0.0465,True,0.0,0.0043,True
225,1722811290367,0.0043,0.0464697674418604,buy,4063742436,WAIT_BUY,False,0,0,0.04647,True,0.0,0.0043,True
226,1722811323751,0.0043,0.0464790697674418,buy,4063742807,WAIT_BUY,False,0,0,0.04648,True,0.0,0.0043,True
227,1722811634363,0.0043,0.0464488372093023,buy,4063746092,WAIT_BUY,False,0,0,0.04645,True,0.0,0.0043,True
228,1722811667597,0.0043,0.0464581395348837,buy,4063746588,WAIT_BUY,False,0,0,0.04646,True,0.0,0.0043,True
229,1722811737043,0.0043,0.0464395348837209,buy,4063747442,WAIT_BUY,False,0,0,0.04644,True,0.0,0.0043,True
230,1722814425415,0.0043,0.0463488372093023,buy,4063783386,WAIT_BUY,False,0,0,0.04634,True,0.0,0.0043,True
231,1722814436317,0.0043,0.0463581395348837,buy,4063783623,WAIT_BUY,False,0,0,0.04636,True,0.0,0.0043,True
232,1722814466203,0.0043,0.0463279069767441,buy,4063784210,WAIT_BUY,False,0,0,0.04633,True,0.0,0.0043,True
233,1722814485295,0.0043,0.0463488372093023,buy,4063784577,WAIT_BUY,False,0,0,0.04635,True,0.0,0.0043,True
234,1722814562303,0.0043,0.0463581395348837,buy,4063785586,WAIT_BUY,False,0,0,0.04637,True,0.0,0.0043,True
235,1722814745514,0.0043,0.0463186046511627,buy,4063787929,WAIT_BUY,False,0,0,0.04632,True,0.0,0.0043,True
236,1722814854095,0.0043,0.0463,buy,4063788992,WAIT_BUY,False,0,0,0.04631,True,0.0,0.0043,True
237,1722814864045,0.0043,0.0463093023255813,buy,4063789087,WAIT_BUY,False,0,0,0.0463,True,0.0,0.0043,True
238,1722814904673,0.0043,0.0462883720930232,buy,4063789486,WAIT_BUY,False,0,0,0.04629,False,0.0,0.0,True
239,1722814927634,0.0043,0.0462790697674418,buy,4063789687,WAIT_BUY,False,0,0,0.04628,False,0.0,0.0,True
240,1722817040658,0.0043,0.0462581395348837,buy,4063846058,WAIT_BUY,False,0,0,0.04626,False,0.0,0.0,True
241,1722817059753,0.0043,0.0462581395348837,buy,4063846729,WAIT_BUY,False,0,0,0.04627,False,0.0,0.0,True
242,1722817098006,0.0043,0.0462395348837209,buy,4063849345,WAIT_BUY,False,0,0,0.04622,False,0.0,0.0,True
243,1722817108474,0.0043,0.0462697674418604,buy,4063849899,WAIT_BUY,False,0,0,0.04625,False,0.0,0.0,True
244,1722817138814,0.0043,0.0462093023255813,buy,4063851255,WAIT_BUY,False,0,0,0.04621,False,0.0,0.0,True
245,1722817301720,0.0043,0.0462395348837209,buy,4063857987,WAIT_BUY,False,0,0,0.04623,False,0.0,0.0,True
246,1722817331848,0.0043,0.0462,buy,4063859173,WAIT_BUY,False,0,0,0.04619,False,0.0,0.0,True
247,1722817353604,0.0043,0.0462,buy,4063859816,WAIT_BUY,False,0,0,0.0462,False,0.0,0.0,True
248,1722817479811,0.0043,0.0461790697674418,buy,4063866373,WAIT_BUY,False,0,0,0.04618,False,0.0,0.0,True
249,1722817550955,0.0043,0.0462488372093023,buy,4063869493,WAIT_BUY,False,0,0,0.04624,False,0.0,0.0,True
250,1722818185560,0.0043,0.0461395348837209,buy,4063896137,WAIT_BUY,False,0,0,0.04614,False,0.0,0.0,True
251,1722818228293,0.0043,0.0461279069767441,buy,4063898979,WAIT_BUY,False,0,0,0.04612,False,0.0,0.0,True
252,1722818272376,0.0043,0.0461186046511627,buy,4063904547,WAIT_BUY,False,0,0,0.04611,False,0.0,0.0,True
253,1722818282844,0.0043,0.0461279069767441,buy,4063905132,WAIT_BUY,False,0,0,0.04613,False,0.0,0.0,True
254,1722818292921,0.0043,0.0460790697674418,buy,4063906337,WAIT_BUY,False,0,0,0.04616,False,0.0,0.0,True
255,1723504772195,0.0043,0.0460186046511627,buy,4083105382,WAIT_BUY,False,0,0,0.04591,False,0.0,0.0,True
256,1723504786313,0.0043,0.0460093023255814,buy,4083107965,WAIT_BUY,False,0,0,0.04599,False,0.0,0.0,True
257,1723504797701,0.0043,0.0460186046511627,buy,4083109141,WAIT_BUY,False,0,0,0.046,False,0.0,0.0,True
258,1723504809339,0.0043,0.0460093023255814,buy,4083110401,WAIT_BUY,False,0,0,0.04602,False,0.0,0.0,True
259,1723504820779,0.0043,0.0460279069767441,buy,4083111714,WAIT_BUY,False,0,0,0.04601,False,0.0,0.0,True
260,1723504831986,0.0043,0.0460488372093023,buy,4083113118,WAIT_BUY,False,0,0,0.04606,False,0.0,0.0,True
261,1723504843824,0.0043,0.0460581395348837,buy,4083114292,WAIT_BUY,False,0,0,0.04607,False,0.0,0.0,True
262,1723504874718,0.0043,0.0460488372093023,buy,4083115955,WAIT_BUY,False,0,0,0.04605,False,0.0,0.0,True
263,1723504887220,0.0043,0.0460186046511627,buy,4083117110,WAIT_BUY,False,0,0,0.04603,False,0.0,0.0,True
264,1723504920437,0.0043,0.0460395348837209,buy,4083118361,WAIT_BUY,False,0,0,0.04604,False,0.0,0.0,True
265,1723506500176,0.0043,0.0460790697674418,buy,4083161441,WAIT_BUY,False,0,0,0.04609,False,0.0,0.0,True
266,1723506512961,0.0043,0.0461,buy,4083161705,WAIT_BUY,False,0,0,0.0461,False,0.0,0.0,True
267,1724031584695,0.0044,0.0449795454545454,buy,4090300344,WAIT_BUY,False,0,0,0.04496,False,0.0,0.0,True
268,1724031608551,0.0044,0.045,buy,4090302134,WAIT_BUY,False,0,0,0.04501,False,0.0,0.0,True
269,1724031629831,0.0044,0.0449795454545454,buy,4090302502,WAIT_BUY,False,0,0,0.04499,False,0.0,0.0,True
270,1724031650929,0.0044,0.0449795454545454,buy,4090302707,WAIT_BUY,False,0,0,0.04498,False,0.0,0.0,True
271,1724031694777,0.0044,0.045,buy,4090303589,WAIT_BUY,False,0,0,0.045,False,0.0,0.0,True
272,1724031758296,0.0044,0.0449681818181818,buy,4090304580,WAIT_BUY,False,0,0,0.04497,False,0.0,0.0,True
273,1724031988990,0.0044,0.0449386363636363,buy,4090307479,WAIT_BUY,False,0,0,0.04494,False,0.0,0.0,True
274,1724032071873,0.0044,0.0449295454545454,buy,4090308309,WAIT_BUY,False,0,0,0.04493,False,0.0,0.0,True
275,1724032320671,0.0044,0.04495,buy,4090310808,WAIT_BUY,False,0,0,0.04495,False,0.0,0.0,True
276,1724036675991,0.0044,0.0450181818181818,buy,4090353482,WAIT_BUY,False,0,0,0.04502,False,0.0,0.0,True
277,1724036718781,0.0044,0.0450181818181818,buy,4090354028,WAIT_BUY,False,0,0,0.04503,False,0.0,0.0,True
278,1724038716149,0.0044,0.0450386363636363,buy,4090369884,WAIT_BUY,False,0,0,0.04504,False,0.0,0.0,True
279,1724038759877,0.0044,0.0450590909090909,buy,4090370575,WAIT_BUY,False,0,0,0.04505,False,0.0,0.0,True
280,1724039034444,0.0044,0.04505,buy,4090372863,WAIT_BUY,False,0,0,0.04506,False,0.0,0.0,True
281,1724039096745,0.0044,0.0450590909090909,buy,4090373665,WAIT_BUY,False,0,0,0.04507,False,0.0,0.0,True
282,1724040136197,0.0044,0.0450795454545454,buy,4090385308,WAIT_BUY,False,0,0,0.04508,False,0.0,0.0,True
283,1724040282146,0.0044,0.0450886363636363,buy,4090386327,WAIT_BUY,False,0,0,0.04509,False,0.0,0.0,True
284,1724046530687,0.0044,0.0449181818181818,buy,4090437018,WAIT_BUY,False,0,0,0.04491,False,0.0,0.0,True
285,1724050044258,0.0044,0.0449,buy,4090465180,WAIT_BUY,False,0,0,0.04487,False,0.0,0.0,True
286,1724050060203,0.0044,0.0448886363636363,buy,4090465440,WAIT_BUY,False,0,0,0.04489,False,0.0,0.0,True
287,1724050108414,0.0044,0.0448795454545454,buy,4090465882,WAIT_BUY,False,0,0,0.04488,False,0.0,0.0,True
288,1724050280329,0.0044,0.0448590909090909,buy,4090468088,WAIT_BUY,False,0,0,0.04486,False,0.0,0.0,True
289,1724050640265,0.0044,0.04485,buy,4090469800,WAIT_BUY,False,0,0,0.04485,False,0.0,0.0,True
290,1724054484520,0.0044,0.0447090909090909,buy,4090503588,WAIT_BUY,False,0,0,0.04471,False,0.0,0.0,True
291,1724054577677,0.0044,0.0447181818181818,buy,4090504334,WAIT_BUY,False,0,0,0.04472,False,0.0,0.0,True
292,1724056233290,0.0044,0.0447295454545454,buy,4090517384,WAIT_BUY,False,0,0,0.04473,False,0.0,0.0,True
293,1724061078957,0.0044,0.0444590909090909,buy,4090573569,WAIT_BUY,False,0,0,0.04446,False,0.0,0.0,True
294,1724061095333,0.0044,0.0444681818181818,buy,4090574172,WAIT_BUY,False,0,0,0.04447,False,0.0,0.0,True
295,1724061176041,0.0044,0.0444795454545454,buy,4090576287,WAIT_BUY,False,0,0,0.04448,False,0.0,0.0,True
296,1724061270616,0.0044,0.0445,buy,4090578780,WAIT_BUY,False,0,0,0.04449,False,0.0,0.0,True
297,1724061287206,0.0044,0.0445,buy,4090579245,WAIT_BUY,False,0,0,0.04451,False,0.0,0.0,True
298,1724061318715,0.0044,0.0444795454545454,buy,4090580596,WAIT_BUY,False,0,0,0.0445,False,0.0,0.0,True
299,1724061413375,0.0044,0.0444386363636363,buy,4090583132,WAIT_BUY,False,0,0,0.04445,False,0.0,0.0,True
300,1724061429928,0.0045,0.04442,buy,4090583768,WAIT_BUY,False,0,0,0.04443,False,0.0,0.0,True
301,1724061446654,0.0045,0.04446,buy,4090584704,WAIT_BUY,False,0,0,0.04444,False,0.0,0.0,True
302,1724061638102,0.0045,0.0444288888888888,buy,4090589737,WAIT_BUY,False,0,0,0.04442,False,0.0,0.0,True
303,1724062037188,0.0045,0.04442,buy,4090602223,WAIT_BUY,False,0,0,0.04441,False,0.0,0.0,True
304,1724062054084,0.0045,0.0444,buy,4090602720,WAIT_BUY,False,0,0,0.0444,False,0.0,0.0,True
305,1724062118520,0.0045,0.0444,buy,4090604374,WAIT_BUY,False,0,0,0.04439,False,0.0,0.0,True
306,1724062281187,0.0045,0.04438,buy,4090607363,WAIT_BUY,False,0,0,0.04438,False,0.0,0.0,True
307,1724062779796,0.0045,0.0443688888888888,buy,4090616579,WAIT_BUY,False,0,0,0.04437,False,0.0,0.0,True
308,1724062811461,0.0045,0.04436,buy,4090616978,WAIT_BUY,False,0,0,0.04436,False,0.0,0.0,True
309,1724066748703,0.0045,0.04436,buy,4090651330,WAIT_BUY,False,0,0,0.04435,False,0.0,0.0,True
310,1724066928570,0.0045,0.04434,buy,4090652835,WAIT_BUY,False,0,0,0.04434,False,0.0,0.0,True
311,1724067794509,0.0045,0.0443288888888888,buy,4090658797,WAIT_BUY,False,0,0,0.04433,False,0.0,0.0,True
312,1724068196527,0.0045,0.04432,buy,4090662286,WAIT_BUY,False,0,0,0.04432,False,0.0,0.0,True
313,1724069852328,0.0045,0.04432,buy,4090684657,WAIT_BUY,False,0,0,0.04429,False,0.0,0.0,True
314,1724089011483,0.0045,0.04432,buy,4090954676,WAIT_BUY,False,0,0,0.04431,False,0.0,0.0,True
315,1724089283776,0.0045,0.04428,buy,4090960630,WAIT_BUY,False,0,0,0.04428,False,0.0,0.0,True
316,1724097852131,0.0045,0.04424,buy,4091072630,WAIT_BUY,False,0,0,0.04424,False,0.0,0.0,True
317,1724099779546,0.0045,0.0442488888888888,buy,4091088816,WAIT_BUY,False,0,0,0.04425,False,0.0,0.0,True
318,1724099811372,0.0045,0.04426,buy,4091089117,WAIT_BUY,False,0,0,0.04426,False,0.0,0.0,True
319,1724099892495,0.0045,0.0442688888888888,buy,4091089725,WAIT_BUY,False,0,0,0.04427,False,0.0,0.0,True
320,1724100660491,0.0045,0.0443,buy,4091097776,WAIT_BUY,False,0,0,0.0443,False,0.0,0.0,True
321,1724114376750,0.0045,0.0441088888888888,buy,4091249306,WAIT_BUY,False,0,0,0.04411,False,0.0,0.0,True
322,1724114439882,0.0045,0.0441288888888888,buy,4091250098,WAIT_BUY,False,0,0,0.04413,False,0.0,0.0,True
323,1724114470742,0.0045,0.04414,buy,4091250509,WAIT_BUY,False,0,0,0.04414,False,0.0,0.0,True
324,1724114487848,0.0045,0.0441088888888888,buy,4091251060,WAIT_BUY,False,0,0,0.04412,False,0.0,0.0,True
325,1724114503990,0.0045,0.0441,buy,4091251471,WAIT_BUY,False,0,0,0.0441,False,0.0,0.0,True
326,1724114538210,0.0045,0.0440688888888888,buy,4091252699,WAIT_BUY,False,0,0,0.04407,False,0.0,0.0,True
327,1724114568763,0.0045,0.0440688888888888,buy,4091253651,WAIT_BUY,False,0,0,0.04408,False,0.0,0.0,True
328,1724114585283,0.0045,0.0440488888888888,buy,4091254385,WAIT_BUY,False,0,0,0.04405,False,0.0,0.0,True
329,1724114617394,0.0045,0.04406,buy,4091254866,WAIT_BUY,False,0,0,0.04406,False,0.0,0.0,True
330,1724114679456,0.0045,0.04404,buy,4091255988,WAIT_BUY,False,0,0,0.04404,False,0.0,0.0,True
331,1724114695902,0.0045,0.04404,buy,4091256345,WAIT_BUY,False,0,0,0.04403,False,0.0,0.0,True
332,1724115010934,0.0045,0.04402,buy,4091262064,WAIT_BUY,False,0,0,0.04402,False,0.0,0.0,True
333,1724115075226,0.0045,0.044,buy,4091263109,WAIT_BUY,False,0,0,0.044,False,0.0,0.0,True
334,1724115107989,0.0045,0.0440288888888888,buy,4091264029,WAIT_BUY,False,0,0,0.04401,False,0.0,0.0,True
335,1724115283628,0.0045,0.0439888888888888,buy,4091266581,WAIT_BUY,False,0,0,0.04399,False,0.0,0.0,True
336,1724117868071,0.0045,0.0439,buy,4091314859,WAIT_BUY,False,0,0,0.0439,False,0.0,0.0,True
337,1724117901444,0.0045,0.0439088888888888,buy,4091315306,WAIT_BUY,False,0,0,0.04391,False,0.0,0.0,True
338,1724121962883,0.0045,0.0438888888888888,buy,4091357382,WAIT_BUY,False,0,0,0.04389,False,0.0,0.0,True
339,1724124473817,0.0045,0.0439288888888888,buy,4091375350,WAIT_BUY,False,0,0,0.04393,False,0.0,0.0,True
340,1724124506097,0.0045,0.04392,buy,4091375545,WAIT_BUY,False,0,0,0.04392,False,0.0,0.0,True
341,1724124904036,0.0045,0.04394,buy,4091379131,WAIT_BUY,False,0,0,0.04394,False,0.0,0.0,True
342,1724131165460,0.0045,0.0439488888888888,buy,4091450978,WAIT_BUY,False,0,0,0.04397,False,0.0,0.0,True
343,1724131181648,0.0045,0.04392,buy,4091452117,WAIT_BUY,False,0,0,0.04396,False,0.0,0.0,True
344,1724133825787,0.0045,0.0439488888888888,buy,4091515453,WAIT_BUY,False,0,0,0.04395,False,0.0,0.0,True
345,1724395831791,0.0045,0.04386,buy,4094337617,WAIT_BUY,False,0,0,0.04388,False,0.0,0.0,True
346,1724402162616,0.0045,0.0436888888888888,buy,4094390363,WAIT_BUY,False,0,0,0.04369,False,0.0,0.0,True
347,1724402206493,0.0045,0.0437,buy,4094390589,WAIT_BUY,False,0,0,0.0437,False,0.0,0.0,True
348,1724402662842,0.0045,0.0437088888888888,buy,4094393001,WAIT_BUY,False,0,0,0.04371,False,0.0,0.0,True
349,1724402858207,0.0045,0.04368,buy,4094394858,WAIT_BUY,False,0,0,0.04368,False,0.0,0.0,True
350,1724517499782,0.0045,0.0437688888888888,buy,4095829197,WAIT_BUY,False,0,0,0.04378,False,0.0,0.0,True
351,1724517521290,0.0045,0.0437688888888888,buy,4095830124,WAIT_BUY,False,0,0,0.04379,False,0.0,0.0,True
352,1724517544521,0.0045,0.0437888888888888,buy,4095830667,WAIT_BUY,False,0,0,0.04377,False,0.0,0.0,True
353,1724517652574,0.0045,0.0438088888888888,buy,4095833187,WAIT_BUY,False,0,0,0.0438,False,0.0,0.0,True
354,1724865554073,0.0046,0.04285,buy,4100036851,WAIT_BUY,False,0,0,0.04284,False,0.0,0.0,True
355,1724865577532,0.0046,0.0428586956521739,buy,4100038023,WAIT_BUY,False,0,0,0.04285,False,0.0,0.0,True
356,1724865600354,0.0046,0.0428586956521739,buy,4100038482,WAIT_BUY,False,0,0,0.04286,False,0.0,0.0,True
357,1724879642806,0.0046,0.0428586956521739,buy,4100327891,WAIT_BUY,False,0,0,0.04287,False,0.0,0.0,True
358,1724879882669,0.0046,0.0428782608695652,buy,4100331574,WAIT_BUY,False,0,0,0.04288,False,0.0,0.0,True
359,1724879950001,0.0046,0.0428869565217391,buy,4100332184,WAIT_BUY,False,0,0,0.04289,False,0.0,0.0,True
360,1724879985100,0.0046,0.0429086956521739,buy,4100332619,WAIT_BUY,False,0,0,0.0429,False,0.0,0.0,True
361,1724880057900,0.0046,0.0429282608695652,buy,4100334032,WAIT_BUY,False,0,0,0.04291,False,0.0,0.0,True
362,1724880077338,0.0046,0.0429282608695652,buy,4100334192,WAIT_BUY,False,0,0,0.04293,False,0.0,0.0,True
363,1724880323442,0.0046,0.0429391304347826,buy,4100340262,WAIT_BUY,False,0,0,0.04295,False,0.0,0.0,True
364,1724880375616,0.0046,0.0429195652173913,buy,4100341663,WAIT_BUY,False,0,0,0.04294,False,0.0,0.0,True
365,1724969907122,0.0046,0.042678260869565214,buy,4101404782,WAIT_BUY,False,0,0,0.04266,False,0.0,0.0,True
366,1724970242895,0.0046,0.04268913043478261,buy,4101408473,WAIT_BUY,False,0,0,0.04268,False,0.0,0.0,True
367,1724970261946,0.0046,0.04268913043478261,buy,4101408707,WAIT_BUY,False,0,0,0.04269,False,0.0,0.0,True
368,1724980667816,0.0046,0.04268913043478261,buy,4101495425,WAIT_BUY,False,0,0,0.0427,False,0.0,0.0,True
369,1724988072651,0.0046,0.04270869565217391,buy,4101564941,WAIT_BUY,False,0,0,0.04267,False,0.0,0.0,True
370,1724988259280,0.0046,0.04270869565217391,buy,4101567600,WAIT_BUY,False,0,0,0.04271,False,0.0,0.0,True
371,1724995584420,0.0046,0.042739130434782606,buy,4101624320,WAIT_BUY,False,0,0,0.04274,False,0.0,0.0,True
372,1724995905616,0.0046,0.04275869565217391,buy,4101627077,WAIT_BUY,False,0,0,0.04275,False,0.0,0.0,True
373,1724969922321,0.0046,0.04283,sell,4101405134,SELL_PROFIT,True,4101404782,0,0,False,0,0,True
374,1724970258434,0.0046,0.04284,sell,4101408662,SELL_PROFIT,True,4101408473,0,0,False,0,0,True
375,1724970276661,0.0046,0.04284,sell,4101408814,SELL_PROFIT,True,4101408707,0,0,False,0,0,True
376,1724980681891,0.0046,0.04284,sell,4101495488,SELL_PROFIT,True,4101495425,0,0,False,0,0,True
377,1724988087155,0.0046,0.04286,sell,4101565278,SELL_PROFIT,True,4101564941,0,0,False,0,0,True
378,1724988273067,0.0046,0.04286,sell,4101567742,SELL_PROFIT,True,4101567600,0,0,False,0,0,True
379,1724995598768,0.0046,0.04289,sell,4101624471,SELL_PROFIT,True,4101624320,0,0,False,0,0,True
380,1724995920806,0.0046,0.04291,sell,4101627134,SELL_PROFIT,True,4101627077,0,0,False,0,0,True
381,1724865573127,0.0046,0.043,sell,4100358366,SELL_PROFIT,True,4100036851,0,0,False,0,0,True
382,1724865595964,0.0046,0.04301,sell,4100358682,SELL_PROFIT,True,4100038023,0,0,False,0,0,True
383,1724865618970,0.0046,0.04301,sell,4100358694,SELL_PROFIT,True,4100038482,0,0,False,0,0,True
384,1724879658613,0.0046,0.04301,sell,4100358702,SELL_PROFIT,True,4100327891,0,0,False,0,0,True
385,1724879897583,0.0046,0.04303,sell,4100331653,SELL_PROFIT,True,4100331574,0,0,False,0,0,True
386,1724879964294,0.0046,0.04304,sell,4100332224,SELL_PROFIT,True,4100332184,0,0,False,0,0,True
387,1724879999935,0.0046,0.04306,sell,4100332886,SELL_PROFIT,True,4100332619,0,0,False,0,0,True
388,1724880389321,0.0046,0.04307,sell,4100341902,SELL_PROFIT,True,4100341663,0,0,False,0,0,True
389,1724880073752,0.0046,0.04308,sell,4100334169,SELL_PROFIT,True,4100334032,0,0,False,0,0,True
390,1724880091906,0.0046,0.04308,sell,4100334378,SELL_PROFIT,True,4100334192,0,0,False,0,0,True
391,1724880338339,0.0046,0.04309,sell,4100340557,SELL_PROFIT,True,4100340262,0,0,False,0,0,True
392,1724402876573,0.0045,0.04383,sell,4095858824,SELL_PROFIT,True,4094394858,0,0,False,0,0,True
393,1724402180898,0.0045,0.04384,sell,4095833052,SELL_PROFIT,True,4094390363,0,0,False,0,0,True
394,1724402225895,0.0045,0.04385,sell,4095833054,SELL_PROFIT,True,4094390589,0,0,False,0,0,True
395,1724402680312,0.0045,0.04386,sell,4095833803,SELL_PROFIT,True,4094393001,0,0,False,0,0,True
396,1724517517317,0.0045,0.04392,sell,4095829996,SELL_PROFIT,True,4095829197,0,0,False,0,0,True
397,1724517539749,0.0045,0.04392,sell,4095830386,SELL_PROFIT,True,4095830124,0,0,False,0,0,True
398,1724517562140,0.0045,0.04394,sell,4095830990,SELL_PROFIT,True,4095830667,0,0,False,0,0,True
399,1724517670137,0.0045,0.04396,sell,4095833853,SELL_PROFIT,True,4095833187,0,0,False,0,0,True
400,1724395850013,0.0045,0.04401,sell,4094338879,SELL_PROFIT,True,4094337617,0,0,False,0,0,True
401,1724121976572,0.0045,0.04404,sell,4094307434,SELL_PROFIT,True,4091357382,0,0,False,0,0,True
402,1724117881234,0.0045,0.04405,sell,4094307442,SELL_PROFIT,True,4091314859,0,0,False,0,0,True
403,1724117915221,0.0045,0.04406,sell,4094309575,SELL_PROFIT,True,4091315306,0,0,False,0,0,True
404,1724124519795,0.0045,0.04407,sell,4094309582,SELL_PROFIT,True,4091375545,0,0,False,0,0,True
405,1724131195467,0.0045,0.04407,sell,4094309590,SELL_PROFIT,True,4091452117,0,0,False,0,0,True
406,1724124487067,0.0045,0.04408,sell,4094310103,SELL_PROFIT,True,4091375350,0,0,False,0,0,True
407,1724124918812,0.0045,0.04409,sell,4094310809,SELL_PROFIT,True,4091379131,0,0,False,0,0,True
408,1724131178862,0.0045,0.0441,sell,4091451891,SELL_PROFIT,True,4091450978,0,0,False,0,0,True
409,1724133839035,0.0045,0.0441,sell,4091515822,SELL_PROFIT,True,4091515453,0,0,False,0,0,True
410,1724115298253,0.0045,0.04414,sell,4091266777,SELL_PROFIT,True,4091266581,0,0,False,0,0,True
411,1724115089538,0.0045,0.04415,sell,4091263381,SELL_PROFIT,True,4091263109,0,0,False,0,0,True
412,1724115025717,0.0045,0.04417,sell,4091262470,SELL_PROFIT,True,4091262064,0,0,False,0,0,True
413,1724115121262,0.0045,0.04418,sell,4091264367,SELL_PROFIT,True,4091264029,0,0,False,0,0,True
414,1724114693123,0.0045,0.04419,sell,4091256305,SELL_PROFIT,True,4091255988,0,0,False,0,0,True
415,1724114709811,0.0045,0.04419,sell,4091256598,SELL_PROFIT,True,4091256345,0,0,False,0,0,True
416,1724114599331,0.0045,0.0442,sell,4091254580,SELL_PROFIT,True,4091254385,0,0,False,0,0,True
417,1724114630599,0.0045,0.04421,sell,4091255158,SELL_PROFIT,True,4091254866,0,0,False,0,0,True
418,1724114551210,0.0045,0.04422,sell,4091253280,SELL_PROFIT,True,4091252699,0,0,False,0,0,True
419,1724114582048,0.0045,0.04422,sell,4091254268,SELL_PROFIT,True,4091253651,0,0,False,0,0,True
420,1724114517422,0.0045,0.04425,sell,4091251835,SELL_PROFIT,True,4091251471,0,0,False,0,0,True
421,1724114389460,0.0045,0.04426,sell,4091249401,SELL_PROFIT,True,4091249306,0,0,False,0,0,True
422,1724114500984,0.0045,0.04426,sell,4091251318,SELL_PROFIT,True,4091251060,0,0,False,0,0,True
423,1724114452598,0.0045,0.04428,sell,4091250208,SELL_PROFIT,True,4091250098,0,0,False,0,0,True
424,1724114483453,0.0045,0.04429,sell,4091250944,SELL_PROFIT,True,4091250509,0,0,False,0,0,True
425,1724097865701,0.0045,0.04439,sell,4091194425,SELL_PROFIT,True,4091072630,0,0,False,0,0,True
426,1724099793198,0.0045,0.0444,sell,4091188167,SELL_PROFIT,True,4091088816,0,0,False,0,0,True
427,1724099825360,0.0045,0.04441,sell,4091190164,SELL_PROFIT,True,4091089117,0,0,False,0,0,True
428,1724099906518,0.0045,0.04442,sell,4091190165,SELL_PROFIT,True,4091089725,0,0,False,0,0,True
429,1724089295615,0.0045,0.04443,sell,4091190697,SELL_PROFIT,True,4090960630,0,0,False,0,0,True
430,1724100678208,0.0045,0.04446,sell,4091098057,SELL_PROFIT,True,4091097776,0,0,False,0,0,True
431,1724067806750,0.0045,0.04448,sell,4090658825,SELL_PROFIT,True,4090658797,0,0,False,0,0,True
432,1724068208384,0.0045,0.04448,sell,4090662498,SELL_PROFIT,True,4090662286,0,0,False,0,0,True
433,1724069864442,0.0045,0.04448,sell,4090684765,SELL_PROFIT,True,4090684657,0,0,False,0,0,True
434,1724089023531,0.0045,0.04448,sell,4090955059,SELL_PROFIT,True,4090954676,0,0,False,0,0,True
435,1724066940399,0.0045,0.0445,sell,4090653008,SELL_PROFIT,True,4090652835,0,0,False,0,0,True
436,1724062791081,0.0045,0.04452,sell,4090616706,SELL_PROFIT,True,4090616579,0,0,False,0,0,True
437,1724062823755,0.0045,0.04452,sell,4090617161,SELL_PROFIT,True,4090616978,0,0,False,0,0,True
438,1724066761407,0.0045,0.04452,sell,4090651566,SELL_PROFIT,True,4090651330,0,0,False,0,0,True
439,1724062293539,0.0045,0.04454,sell,4090607745,SELL_PROFIT,True,4090607363,0,0,False,0,0,True
440,1724062066367,0.0045,0.04456,sell,4090603002,SELL_PROFIT,True,4090602720,0,0,False,0,0,True
441,1724062129933,0.0045,0.04456,sell,4090604511,SELL_PROFIT,True,4090604374,0,0,False,0,0,True
442,1724061441467,0.0045,0.04458,sell,4090584459,SELL_PROFIT,True,4090583768,0,0,False,0,0,True
443,1724061649368,0.0045,0.04458,sell,4090589992,SELL_PROFIT,True,4090589737,0,0,False,0,0,True
444,1724062049045,0.0045,0.04458,sell,4090602654,SELL_PROFIT,True,4090602223,0,0,False,0,0,True
445,1724061425217,0.0044,0.04459,sell,4090583490,SELL_PROFIT,True,4090583132,0,0,False,0,0,True
446,1724061090752,0.0044,0.04461,sell,4090574012,SELL_PROFIT,True,4090573569,0,0,False,0,0,True
447,1724061106921,0.0044,0.04462,sell,4090574378,SELL_PROFIT,True,4090574172,0,0,False,0,0,True
448,1724061458093,0.0045,0.04462,sell,4090584957,SELL_PROFIT,True,4090584704,0,0,False,0,0,True
449,1724061188045,0.0044,0.04464,sell,4090576559,SELL_PROFIT,True,4090576287,0,0,False,0,0,True
450,1724061329999,0.0044,0.04464,sell,4090581090,SELL_PROFIT,True,4090580596,0,0,False,0,0,True
451,1724061281748,0.0044,0.04466,sell,4090579083,SELL_PROFIT,True,4090578780,0,0,False,0,0,True
452,1724061298368,0.0044,0.04466,sell,4090579536,SELL_PROFIT,True,4090579245,0,0,False,0,0,True
453,1724054495922,0.0044,0.04487,sell,4090503698,SELL_PROFIT,True,4090503588,0,0,False,0,0,True
454,1724054589096,0.0044,0.04487,sell,4090504367,SELL_PROFIT,True,4090504334,0,0,False,0,0,True
455,1724056247559,0.0044,0.04489,sell,4090517483,SELL_PROFIT,True,4090517384,0,0,False,0,0,True
456,1724050653028,0.0044,0.04501,sell,4090469889,SELL_PROFIT,True,4090469800,0,0,False,0,0,True
457,1724050291555,0.0044,0.04502,sell,4090468133,SELL_PROFIT,True,4090468088,0,0,False,0,0,True
458,1724050119838,0.0044,0.04504,sell,4090466179,SELL_PROFIT,True,4090465882,0,0,False,0,0,True
459,1724050071310,0.0044,0.04505,sell,4090465505,SELL_PROFIT,True,4090465440,0,0,False,0,0,True
460,1724050055736,0.0044,0.04506,sell,4090465414,SELL_PROFIT,True,4090465180,0,0,False,0,0,True
461,1724046545435,0.0044,0.04508,sell,4090437284,SELL_PROFIT,True,4090437018,0,0,False,0,0,True
462,1724032085996,0.0044,0.04509,sell,4090397128,SELL_PROFIT,True,4090308309,0,0,False,0,0,True
463,1724032004062,0.0044,0.0451,sell,4090399577,SELL_PROFIT,True,4090307479,0,0,False,0,0,True
464,1724032334928,0.0044,0.04511,sell,4090398519,SELL_PROFIT,True,4090310808,0,0,False,0,0,True
465,1724031772913,0.0044,0.04513,sell,4090385686,SELL_PROFIT,True,4090304580,0,0,False,0,0,True
466,1724031601327,0.0044,0.04514,sell,4090386218,SELL_PROFIT,True,4090300344,0,0,False,0,0,True
467,1724031643989,0.0044,0.04514,sell,4090386219,SELL_PROFIT,True,4090302502,0,0,False,0,0,True
468,1724031666087,0.0044,0.04514,sell,4090386221,SELL_PROFIT,True,4090302707,0,0,False,0,0,True
469,1724031622916,0.0044,0.04516,sell,4090302453,SELL_PROFIT,True,4090302134,0,0,False,0,0,True
470,1724031709477,0.0044,0.04516,sell,4090303777,SELL_PROFIT,True,4090303589,0,0,False,0,0,True
471,1724036690061,0.0044,0.04518,sell,4090353618,SELL_PROFIT,True,4090353482,0,0,False,0,0,True
472,1724036733363,0.0044,0.04518,sell,4090354283,SELL_PROFIT,True,4090354028,0,0,False,0,0,True
473,1724038731017,0.0044,0.0452,sell,4090370065,SELL_PROFIT,True,4090369884,0,0,False,0,0,True
474,1724039048560,0.0044,0.04521,sell,4090372919,SELL_PROFIT,True,4090372863,0,0,False,0,0,True
475,1724038774764,0.0044,0.04522,sell,4090370787,SELL_PROFIT,True,4090370575,0,0,False,0,0,True
476,1724039111091,0.0044,0.04522,sell,4090373833,SELL_PROFIT,True,4090373665,0,0,False,0,0,True
477,1724040150471,0.0044,0.04524,sell,4090385408,SELL_PROFIT,True,4090385308,0,0,False,0,0,True
478,1724040296399,0.0044,0.04525,sell,4090386357,SELL_PROFIT,True,4090386327,0,0,False,0,0,True
479,1723504794896,0.0043,0.04617,sell,4083159631,SELL_PROFIT,True,4083107965,0,0,False,0,0,True
480,1723504817912,0.0043,0.04617,sell,4083159637,SELL_PROFIT,True,4083110401,0,0,False,0,0,True
481,1723504784146,0.0043,0.04618,sell,4083160127,SELL_PROFIT,True,4083105382,0,0,False,0,0,True
482,1723504806296,0.0043,0.04618,sell,4083160153,SELL_PROFIT,True,4083109141,0,0,False,0,0,True
483,1723504896873,0.0043,0.04618,sell,4083160161,SELL_PROFIT,True,4083117110,0,0,False,0,0,True
484,1723504829559,0.0043,0.04619,sell,4083112910,SELL_PROFIT,True,4083111714,0,0,False,0,0,True
485,1723504928804,0.0043,0.0462,sell,4083118710,SELL_PROFIT,True,4083118361,0,0,False,0,0,True
486,1723504841409,0.0043,0.04621,sell,4083114178,SELL_PROFIT,True,4083113118,0,0,False,0,0,True
487,1723504884609,0.0043,0.04621,sell,4083117048,SELL_PROFIT,True,4083115955,0,0,False,0,0,True
488,1723504852447,0.0043,0.04622,sell,4083114791,SELL_PROFIT,True,4083114292,0,0,False,0,0,True
489,1722818301646,0.0043,0.04624,sell,4063907453,SELL_PROFIT,True,4063906337,0,0,False,0,0,True
490,1723506509947,0.0043,0.04624,sell,4083161680,SELL_PROFIT,True,4083161441,0,0,False,0,0,True
491,1723506522756,0.0043,0.04626,sell,4083161987,SELL_PROFIT,True,4083161705,0,0,False,0,0,True
492,1722818280281,0.0043,0.04628,sell,4063904935,SELL_PROFIT,True,4063904547,0,0,False,0,0,True
493,1722818239382,0.0043,0.04629,sell,4063901421,SELL_PROFIT,True,4063898979,0,0,False,0,0,True
494,1722818290949,0.0043,0.04629,sell,4063905864,SELL_PROFIT,True,4063905132,0,0,False,0,0,True
495,1722818193747,0.0043,0.0463,sell,4063896807,SELL_PROFIT,True,4063896137,0,0,False,0,0,True
496,1722817488269,0.0043,0.04634,sell,4063889416,SELL_PROFIT,True,4063866373,0,0,False,0,0,True
497,1722817340172,0.0043,0.04636,sell,4063872698,SELL_PROFIT,True,4063859173,0,0,False,0,0,True
498,1722817361734,0.0043,0.04636,sell,4063872708,SELL_PROFIT,True,4063859816,0,0,False,0,0,True
499,1722817146656,0.0043,0.04637,sell,4063851545,SELL_PROFIT,True,4063851255,0,0,False,0,0,True
500,1722817106577,0.0043,0.0464,sell,4063849810,SELL_PROFIT,True,4063849345,0,0,False,0,0,True
501,1722817309600,0.0043,0.0464,sell,4063858171,SELL_PROFIT,True,4063857987,0,0,False,0,0,True
502,1722817559359,0.0043,0.04641,sell,4063869848,SELL_PROFIT,True,4063869493,0,0,False,0,0,True
503,1722817048432,0.0043,0.04642,sell,4063846361,SELL_PROFIT,True,4063846058,0,0,False,0,0,True
504,1722817068178,0.0043,0.04642,sell,4063847125,SELL_PROFIT,True,4063846729,0,0,False,0,0,True
505,1722817116808,0.0043,0.04643,sell,4063850488,SELL_PROFIT,True,4063849899,0,0,False,0,0,True
506,1722814935646,0.0043,0.04644,sell,4063789795,SELL_PROFIT,True,4063789687,0,0,False,0,0,True
507,1722814912879,0.0043,0.04645,sell,4063789585,SELL_PROFIT,True,4063789486,0,0,False,0,0,True
508,1722814862078,0.0043,0.04646,sell,4063789075,SELL_PROFIT,True,4063788992,0,0,False,0,0,True
509,1722814872190,0.0043,0.04647,sell,4063789176,SELL_PROFIT,True,4063789087,0,0,False,0,0,True
510,1722814753412,0.0043,0.04648,sell,4063787983,SELL_PROFIT,True,4063787929,0,0,False,0,0,True
511,1722814474029,0.0043,0.04649,sell,4063784312,SELL_PROFIT,True,4063784210,0,0,False,0,0,True
512,1722814433273,0.0043,0.04651,sell,4063783587,SELL_PROFIT,True,4063783386,0,0,False,0,0,True
513,1722814493819,0.0043,0.04651,sell,4063784643,SELL_PROFIT,True,4063784577,0,0,False,0,0,True
514,1722814444812,0.0043,0.04652,sell,4063783760,SELL_PROFIT,True,4063783623,0,0,False,0,0,True
515,1722814570234,0.0043,0.04652,sell,4063785733,SELL_PROFIT,True,4063785586,0,0,False,0,0,True
516,1722811746103,0.0043,0.0466,sell,4063747618,SELL_PROFIT,True,4063747442,0,0,False,0,0,True
517,1722811643277,0.0043,0.04661,sell,4063746199,SELL_PROFIT,True,4063746092,0,0,False,0,0,True
518,1722811676904,0.0043,0.04662,sell,4063746689,SELL_PROFIT,True,4063746588,0,0,False,0,0,True
519,1722811299157,0.0043,0.04663,sell,4063742516,SELL_PROFIT,True,4063742436,0,0,False,0,0,True
520,1722811333209,0.0043,0.04664,sell,4063742873,SELL_PROFIT,True,4063742807,0,0,False,0,0,True
521,1722810890522,0.0043,0.04665,sell,4063737232,SELL_PROFIT,True,4063737099,0,0,False,0,0,True
522,1722810900525,0.0043,0.04666,sell,4063737303,SELL_PROFIT,True,4063737259,0,0,False,0,0,True
523,1722810801980,0.0042,0.04667,sell,4063735876,SELL_PROFIT,True,4063735749,0,0,False,0,0,True
524,1722810812494,0.0043,0.04667,sell,4063736028,SELL_PROFIT,True,4063735890,0,0,False,0,0,True
525,1722810744072,0.0042,0.04669,sell,4063735120,SELL_PROFIT,True,4063734972,0,0,False,0,0,True
526,1722810703543,0.0042,0.0467,sell,4063734421,SELL_PROFIT,True,4063734310,0,0,False,0,0,True
527,1722805989857,0.0042,0.04677,sell,4063687353,SELL_PROFIT,True,4063640655,0,0,False,0,0,True
528,1722806515699,0.0042,0.04679,sell,4063683016,SELL_PROFIT,True,4063648266,0,0,False,0,0,True
529,1722807412738,0.0042,0.0468,sell,4063683174,SELL_PROFIT,True,4063664489,0,0,False,0,0,True
530,1722807423154,0.0042,0.04681,sell,4063666332,SELL_PROFIT,True,4063665490,0,0,False,0,0,True
531,1722806525830,0.0042,0.04682,sell,4063655377,SELL_PROFIT,True,4063648974,0,0,False,0,0,True
532,1722806535457,0.0042,0.04682,sell,4063655399,SELL_PROFIT,True,4063649257,0,0,False,0,0,True
533,1722806690813,0.0042,0.04683,sell,4063651586,SELL_PROFIT,True,4063651495,0,0,False,0,0,True
534,1722806565343,0.0042,0.04685,sell,4063650325,SELL_PROFIT,True,4063650114,0,0,False,0,0,True
535,1722806575841,0.0042,0.04686,sell,4063650547,SELL_PROFIT,True,4063650425,0,0,False,0,0,True
536,1722806586351,0.0042,0.04686,sell,4063650623,SELL_PROFIT,True,4063650569,0,0,False,0,0,True
537,1722806747763,0.0042,0.04688,sell,4063652523,SELL_PROFIT,True,4063652390,0,0,False,0,0,True
538,1722806849613,0.0042,0.04688,sell,4063653334,SELL_PROFIT,True,4063653262,0,0,False,0,0,True
539,1722806997358,0.0042,0.04688,sell,4063656784,SELL_PROFIT,True,4063656743,0,0,False,0,0,True
540,1722807102098,0.0042,0.0469,sell,4063657733,SELL_PROFIT,True,4063657718,0,0,False,0,0,True
541,1722808355993,0.0042,0.04691,sell,4063683554,SELL_PROFIT,True,4063683185,0,0,False,0,0,True
542,1722806938520,0.0042,0.04692,sell,4063655518,SELL_PROFIT,True,4063655463,0,0,False,0,0,True
543,1722806948855,0.0042,0.04692,sell,4063655995,SELL_PROFIT,True,4063655532,0,0,False,0,0,True
544,1722786964222,0.0041,0.04805,sell,4062947115,SELL_PROFIT,True,4062853727,0,0,False,0,0,True
545,1722786811262,0.0041,0.04806,sell,4062947442,SELL_PROFIT,True,4062850551,0,0,False,0,0,True
546,1722786746149,0.0041,0.04807,sell,4062950303,SELL_PROFIT,True,4062848283,0,0,False,0,0,True
547,1722786581123,0.0041,0.04808,sell,4062954470,SELL_PROFIT,True,4062843109,0,0,False,0,0,True
548,1722785971268,0.0041,0.04809,sell,4062954808,SELL_PROFIT,True,4062829433,0,0,False,0,0,True
549,1722785942168,0.0041,0.0481,sell,4062956439,SELL_PROFIT,True,4062828065,0,0,False,0,0,True
550,1722785961804,0.0041,0.04811,sell,4062829387,SELL_PROFIT,True,4062829060,0,0,False,0,0,True
551,1722785951542,0.0041,0.04812,sell,4062828902,SELL_PROFIT,True,4062828512,0,0,False,0,0,True
552,1722786025339,0.0041,0.04812,sell,4062830958,SELL_PROFIT,True,4062830713,0,0,False,0,0,True
553,1722786141990,0.0041,0.04814,sell,4062833355,SELL_PROFIT,True,4062833198,0,0,False,0,0,True
554,1722784273920,0.0041,0.04816,sell,4062778735,SELL_PROFIT,True,4062778480,0,0,False,0,0,True
555,1722786316177,0.0041,0.04816,sell,4062837098,SELL_PROFIT,True,4062836769,0,0,False,0,0,True
556,1722784254811,0.0041,0.04817,sell,4062777994,SELL_PROFIT,True,4062777655,0,0,False,0,0,True
557,1722786187078,0.0041,0.04817,sell,4062834762,SELL_PROFIT,True,4062834577,0,0,False,0,0,True
558,1722784227983,0.0041,0.0482,sell,4062776987,SELL_PROFIT,True,4062776493,0,0,False,0,0,True
559,1722745475924,0.0041,0.04821,sell,4062765489,SELL_PROFIT,True,4062262656,0,0,False,0,0,True
560,1722760910508,0.0041,0.04822,sell,4062760517,SELL_PROFIT,True,4062423776,0,0,False,0,0,True
561,1722762515134,0.0041,0.04823,sell,4062760526,SELL_PROFIT,True,4062441238,0,0,False,0,0,True
562,1722762601045,0.0041,0.04824,sell,4062760536,SELL_PROFIT,True,4062442051,0,0,False,0,0,True
563,1722783453152,0.0041,0.04824,sell,4062760798,SELL_PROFIT,True,4062743591,0,0,False,0,0,True
564,1722783622996,0.0041,0.04826,sell,4062762069,SELL_PROFIT,True,4062750840,0,0,False,0,0,True
565,1722783248067,0.0041,0.04827,sell,4062732057,SELL_PROFIT,True,4062731762,0,0,False,0,0,True
566,1722783658120,0.0041,0.04828,sell,4062752521,SELL_PROFIT,True,4062752374,0,0,False,0,0,True
567,1722783362803,0.0041,0.04829,sell,4062740573,SELL_PROFIT,True,4062740427,0,0,False,0,0,True
568,1722783372511,0.0041,0.04829,sell,4062740912,SELL_PROFIT,True,4062740635,0,0,False,0,0,True
569,1722783317078,0.0041,0.0483,sell,4062738731,SELL_PROFIT,True,4062738142,0,0,False,0,0,True
570,1722783269248,0.0041,0.04832,sell,4062736268,SELL_PROFIT,True,4062734806,0,0,False,0,0,True
571,1722783297967,0.0041,0.04833,sell,4062737609,SELL_PROFIT,True,4062737228,0,0,False,0,0,True
572,1722783278844,0.0041,0.04834,sell,4062736825,SELL_PROFIT,True,4062736417,0,0,False,0,0,True
573,1722783907692,0.0041,0.04834,sell,4062762892,SELL_PROFIT,True,4062762633,0,0,False,0,0,True
574,1722783896802,0.0041,0.04836,sell,4062762506,SELL_PROFIT,True,4062762230,0,0,False,0,0,True
575,1722783869002,0.0041,0.04837,sell,4062761496,SELL_PROFIT,True,4062761087,0,0,False,0,0,True
576,1722783878447,0.0041,0.04837,sell,4062761828,SELL_PROFIT,True,4062761569,0,0,False,0,0,True
577,1724971029925,0.0046,0.04239,buy,4101718238,BUY_PROFIT,False,4101416980,0,0,False,0,0,True
578,1724971048945,0.0046,0.04239,buy,4101718241,BUY_PROFIT,False,4101417126,0,0,False,0,0,True
579,1724970824971,0.0046,0.04237,buy,4101719683,BUY_PROFIT,False,4101414688,0,0,False,0,0,True
580,1724970844627,0.0046,0.04237,buy,4101719684,BUY_PROFIT,False,4101414802,0,0,False,0,0,True
581,1724970881999,0.0046,0.04236,buy,4101721187,BUY_PROFIT,False,4101415185,0,0,False,0,0,True
582,1724952056505,0.0046,0.04234,buy,4101143359,BUY_PROFIT,True,4101143288,0,0,False,0,0,True
583,1724951794261,0.0046,0.04233,buy,4101141665,BUY_PROFIT,True,4101141527,0,0,False,0,0,True
584,1724951810774,0.0046,0.04233,buy,4101141791,BUY_PROFIT,True,4101141676,0,0,False,0,0,True
585,1724951860714,0.0047,0.04232,buy,4101142213,BUY_PROFIT,True,4101142083,0,0,False,0,0,True
586,1724977978368,0.0047,0.04231,buy,4101468168,BUY_PROFIT,True,4101468054,0,0,False,0,0,True
587,1724952386703,0.0047,0.04229,buy,4101149239,BUY_PROFIT,True,4101149162,0,0,False,0,0,True
588,1724978061824,0.0047,0.04229,buy,4101468947,BUY_PROFIT,True,4101468844,0,0,False,0,0,True
589,1724952470100,0.0047,0.04228,buy,4101149703,BUY_PROFIT,True,4101149612,0,0,False,0,0,True
590,1724968033036,0.0047,0.04228,buy,4101373477,BUY_PROFIT,True,4101373432,0,0,False,0,0,True
591,1724969267665,0.0047,0.04227,buy,4101388953,BUY_PROFIT,True,4101388438,0,0,False,0,0,True
592,1724967918530,0.0047,0.04225,buy,4101372935,BUY_PROFIT,True,4101372902,0,0,False,0,0,True
593,1724967935654,0.0047,0.04225,buy,4101373028,BUY_PROFIT,True,4101372951,0,0,False,0,0,True
594,1724986843834,0.0047,0.04222,buy,4101547773,BUY_PROFIT,True,4101547567,0,0,False,0,0,True
595,1724986862769,0.0047,0.04222,buy,4101547912,BUY_PROFIT,True,4101547780,0,0,False,0,0,True
596,1724986897413,0.0047,0.04222,buy,4101548346,BUY_PROFIT,True,4101548224,0,0,False,0,0,True
597,1725004538635,0.0047,0.04221,buy,4101702340,BUY_PROFIT,True,4101702231,0,0,False,0,0,True
598,1725005396204,0.0047,0.0422,buy,4101710184,BUY_PROFIT,True,4101710090,0,0,False,0,0,True
599,1725005041306,0.0047,0.04218,buy,4101707336,BUY_PROFIT,True,4101707286,0,0,False,0,0,True
600,1725005132802,0.0047,0.04218,buy,4101708381,BUY_PROFIT,True,4101708137,0,0,False,0,0,True
601,1725005150759,0.0047,0.04218,buy,4101708502,BUY_PROFIT,True,4101708405,0,0,False,0,0,True
602,1724856930761,0.0047,0.04202,buy,4099779882,BUY_PROFIT,True,4099779504,0,0,False,0,0,True
603,1724852764131,0.0047,0.04182,buy,4099681950,BUY_PROFIT,True,4099656991,0,0,False,0,0,True
604,1724839701527,0.0047,0.04179,buy,4099476532,BUY_PROFIT,True,4099475886,0,0,False,0,0,True
605,1724839765885,0.0047,0.04177,buy,4099478016,BUY_PROFIT,True,4099477787,0,0,False,0,0,True
606,1724839787678,0.0047,0.04177,buy,4099478220,BUY_PROFIT,True,4099478068,0,0,False,0,0,True
607,1724840460489,0.0047,0.04176,buy,4099494553,BUY_PROFIT,True,4099494185,0,0,False,0,0,True
608,1724853087477,0.0047,0.04174,buy,4099663646,BUY_PROFIT,True,4099663301,0,0,False,0,0,True
609,1724853108213,0.0047,0.04172,buy,4099664083,BUY_PROFIT,True,4099663769,0,0,False,0,0,True
610,1724853195515,0.0047,0.04171,buy,4099665960,BUY_PROFIT,True,4099665477,0,0,False,0,0,True
611,1724853657798,0.0047,0.04171,buy,4099685076,BUY_PROFIT,True,4099684331,0,0,False,0,0,True
612,1724853219213,0.0047,0.0417,buy,4099666858,BUY_PROFIT,True,4099666099,0,0,False,0,0,True
613,1724853263195,0.0047,0.04168,buy,4099668832,BUY_PROFIT,True,4099668124,0,0,False,0,0,True
614,1724853589943,0.0047,0.04167,buy,4099680887,BUY_PROFIT,True,4099679416,0,0,False,0,0,True
615,1724853503105,0.0047,0.04165,buy,4099674975,BUY_PROFIT,True,4099674117,0,0,False,0,0,True
616,1724853634766,0.0047,0.04165,buy,4099684015,BUY_PROFIT,True,4099682480,0,0,False,0,0,True
617,1724770704533,0.0047258970682394,0.0415603634958496,buy,0,BUY_PROFIT,True,4098166533,0,0,False,0,0,True
618,1724768322180,0.0047258970682394,0.0415497834939414,buy,0,BUY_PROFIT,True,4098116398,0,0,False,0,0,True
619,1722824388589,0.0047,0.04154,buy,4064874334,BUY_PROFIT,True,4064873108,0,0,False,0,0,True
620,1724768038128,0.0047258970682394,0.0415392034920331,buy,0,BUY_PROFIT,True,4098091690,0,0,False,0,0,True
621,1724768291810,0.0047258970682394,0.0415392034920331,buy,0,BUY_PROFIT,True,4098115365,0,0,False,0,0,True
622,1722824376623,0.0047,0.04151,buy,4064872702,BUY_PROFIT,True,4064871658,0,0,False,0,0,True
623,1722824434834,0.0047,0.04148,buy,4064880374,BUY_PROFIT,True,4064879469,0,0,False,0,0,True
624,1724768173026,0.0047258970682394,0.0414799554813471,buy,0,BUY_PROFIT,True,4098109920,0,0,False,0,0,True
625,1724774748904,0.0047258970682394,0.0414609114779124,buy,0,BUY_PROFIT,True,4098245755,0,0,False,0,0,True
626,1722824333934,0.0047,0.04146,buy,4064867865,BUY_PROFIT,True,4064866720,0,0,False,0,0,True
627,1722824289175,0.0047,0.04145,buy,4064859510,BUY_PROFIT,True,4064857329,0,0,False,0,0,True
628,1722824412629,0.0048,0.04144,buy,4064877938,BUY_PROFIT,True,4064876496,0,0,False,0,0,True
629,1722824480516,0.0047,0.04144,buy,4064885978,BUY_PROFIT,True,4064885196,0,0,False,0,0,True
630,1722824277157,0.0048,0.04142,buy,4064856699,BUY_PROFIT,True,4064854945,0,0,False,0,0,True
631,1724774926434,0.0048264480696913,0.0414114058856502,buy,0,BUY_PROFIT,True,4098250071,0,0,False,0,0,True
632,1722824467586,0.0048,0.04141,buy,4064884692,BUY_PROFIT,True,4064883493,0,0,False,0,0,True
633,1724775072508,0.0048264480696913,0.0414010463004484,buy,0,BUY_PROFIT,True,4098254831,0,0,False,0,0,True
634,1724775103065,0.0048264480696913,0.0414010463004484,buy,0,BUY_PROFIT,True,4098255390,0,0,False,0,0,True
635,1724775015222,0.0048264480696913,0.0413803271300448,buy,0,BUY_PROFIT,True,4098253936,0,0,False,0,0,True
636,1724784651407,0.0048264480696913,0.0413720394618834,buy,0,BUY_PROFIT,True,4098364011,0,0,False,0,0,True
637,1724784879487,0.0048264480696913,0.0413616798766816,buy,0,BUY_PROFIT,True,4098365664,0,0,False,0,0,True
638,1724784966936,0.0048264480696913,0.0413513202914798,buy,0,BUY_PROFIT,True,4098366415,0,0,False,0,0,True
639,1724793440799,0.0048264480696913,0.0413306011210762,buy,0,BUY_PROFIT,True,4098449275,0,0,False,0,0,True
640,1722820305729,0.0048,0.04133,buy,4064211467,BUY_PROFIT,True,4064209892,0,0,False,0,0,True
641,1722820315647,0.0048,0.04133,buy,4064213031,BUY_PROFIT,True,4064211809,0,0,False,0,0,True
642,1724817562595,0.0048264480696913,0.0413223134529147,buy,0,BUY_PROFIT,True,4099137105,0,0,False,0,0,True
643,1724815508816,0.0048264480696913,0.041311953867713,buy,0,BUY_PROFIT,True,4099112130,0,0,False,0,0,True
644,1724793396559,0.0048264480696913,0.0413015942825112,buy,0,BUY_PROFIT,True,4098447365,0,0,False,0,0,True
645,1724793320631,0.0048264480696913,0.0412622278587443,buy,0,BUY_PROFIT,True,4098443794,0,0,False,0,0,True
646,1724816083423,0.0048264480696913,0.0412622278587443,buy,0,BUY_PROFIT,True,4099118346,0,0,False,0,0,True
647,1724793351072,0.0048264480696913,0.0412518682735426,buy,0,BUY_PROFIT,True,4098445767,0,0,False,0,0,True
648,1724815831002,0.0048264480696913,0.0412518682735426,buy,0,BUY_PROFIT,True,4099115210,0,0,False,0,0,True
649,1724815883420,0.0048264480696913,0.0412518682735426,buy,0,BUY_PROFIT,True,4099115900,0,0,False,0,0,True
650,1722824265726,0.0048,0.04123,buy,4064854223,BUY_PROFIT,True,4064852375,0,0,False,0,0,True
651,1722824254300,0.0047,0.0412,buy,4064851563,BUY_PROFIT,True,4064848317,0,0,False,0,0,True
652,1722820294791,0.0048,0.04116,buy,4064209458,BUY_PROFIT,True,4064208097,0,0,False,0,0,True
653,1724796492677,0.0048264480696913,0.0411524162556053,buy,0,BUY_PROFIT,True,4098584178,0,0,False,0,0,True
654,1724796818658,0.0048264480696913,0.0411420566704035,buy,0,BUY_PROFIT,True,4098608617,0,0,False,0,0,True
655,1724793291306,0.0048264480696913,0.0411026902466367,buy,0,BUY_PROFIT,True,4098438172,0,0,False,0,0,True
656,1724801271137,0.0048264480696913,0.0410923306614349,buy,0,BUY_PROFIT,True,4098794738,0,0,False,0,0,True
657,1724796658116,0.0048264480696913,0.0410819710762331,buy,0,BUY_PROFIT,True,4098596114,0,0,False,0,0,True
658,1724796548105,0.0048264480696913,0.0410736834080717,buy,0,BUY_PROFIT,True,4098587092,0,0,False,0,0,True
659,1724795907444,0.0048264480696913,0.0410633238228699,buy,0,BUY_PROFIT,True,4098558613,0,0,False,0,0,True
660,1724796159100,0.0048264480696913,0.0410633238228699,buy,0,BUY_PROFIT,True,4098569405,0,0,False,0,0,True
661,1724795861672,0.0048264480696913,0.0410529642376681,buy,0,BUY_PROFIT,True,4098556856,0,0,False,0,0,True
662,1724795831482,0.0048264480696913,0.0410322450672645,buy,0,BUY_PROFIT,True,4098555652,0,0,False,0,0,True
663,1724801941408,0.0048264480696913,0.0410322450672645,buy,0,BUY_PROFIT,True,4098805354,0,0,False,0,0,True
664,1724795986026,0.0048264480696913,0.0410135978139013,buy,0,BUY_PROFIT,True,4098561313,0,0,False,0,0,True
665,1724796016470,0.0048264480696913,0.0410135978139013,buy,0,BUY_PROFIT,True,4098562174,0,0,False,0,0,True
666,1724804746136,0.0048264480696913,0.0410135978139013,buy,0,BUY_PROFIT,True,4098859708,0,0,False,0,0,True
667,1724795800962,0.0048264480696913,0.0410032382286995,buy,0,BUY_PROFIT,True,4098554308,0,0,False,0,0,True
668,1724796216405,0.0048264480696913,0.0409928786434977,buy,0,BUY_PROFIT,True,4098571278,0,0,False,0,0,True
669,1724795738792,0.0048264480696913,0.0409825190582959,buy,0,BUY_PROFIT,True,4098551795,0,0,False,0,0,True
670,1724795770237,0.0048264480696913,0.0409825190582959,buy,0,BUY_PROFIT,True,4098552962,0,0,False,0,0,True
671,1724804242504,0.0048264480696913,0.0409825190582959,buy,0,BUY_PROFIT,True,4098846879,0,0,False,0,0,True
672,1724795320293,0.0048264480696913,0.0409742313901345,buy,0,BUY_PROFIT,True,4098514092,0,0,False,0,0,True
673,1724808779921,0.0048264480696913,0.0409431526345291,buy,0,BUY_PROFIT,True,4098974791,0,0,False,0,0,True
674,1724808618653,0.0048264480696913,0.0409327930493273,buy,0,BUY_PROFIT,True,4098968618,0,0,False,0,0,True
675,1724808652015,0.0048264480696913,0.0409327930493273,buy,0,BUY_PROFIT,True,4098969734,0,0,False,0,0,True
676,1724795660322,0.0048264480696913,0.0409245053811659,buy,0,BUY_PROFIT,True,4098547247,0,0,False,0,0,True
677,1724795691288,0.0048264480696913,0.0408934266255605,buy,0,BUY_PROFIT,True,4098548502,0,0,False,0,0,True
678,1724809036892,0.0048264480696913,0.0408934266255605,buy,0,BUY_PROFIT,True,4098980943,0,0,False,0,0,True
679,1724809070911,0.0048264480696913,0.0408747793721973,buy,0,BUY_PROFIT,True,4098981999,0,0,False,0,0,True
680,1724809104172,0.0048264480696913,0.0408747793721973,buy,0,BUY_PROFIT,True,4098984540,0,0,False,0,0,True
681,1724809168267,0.0048264480696913,0.0408644197869955,buy,0,BUY_PROFIT,True,4098986279,0,0,False,0,0,True
682,1724795595118,0.0048264480696913,0.0408250533632287,buy,0,BUY_PROFIT,True,4098544271,0,0,False,0,0,True
683,1724795626976,0.0048264480696913,0.0408146937780269,buy,0,BUY_PROFIT,True,4098545790,0,0,False,0,0,True
684,1724795492964,0.0048264480696913,0.0407939746076233,buy,0,BUY_PROFIT,True,4098539608,0,0,False,0,0,True
685,1724795560202,0.0048264480696913,0.0407939746076233,buy,0,BUY_PROFIT,True,4098542387,0,0,False,0,0,True
686,1722820282794,0.0048,0.04078,buy,4064207685,BUY_PROFIT,True,4064206551,0,0,False,0,0,True
687,1724795525876,0.0048264480696913,0.04077532735426,buy,0,BUY_PROFIT,True,4098541004,0,0,False,0,0,True
688,1724795356237,0.0048264480696913,0.0407152417600896,buy,0,BUY_PROFIT,True,4098521344,0,0,False,0,0,True
689,1724795459456,0.0048264480696913,0.0406841630044843,buy,0,BUY_PROFIT,True,4098536991,0,0,False,0,0,True
690,1724795426515,0.0048264480696913,0.040665515751121,buy,0,BUY_PROFIT,True,4098534654,0,0,False,0,0,True
691,1724795390811,0.0049269990711432,0.0405459788230987,buy,0,BUY_PROFIT,True,4098531306,0,0,False,0,0,True
692,1722820269159,0.0049,0.04043,buy,4064205950,BUY_PROFIT,True,4064204813,0,0,False,0,0,True
