,TIMESTAMP,AMOUNT,PRICE,SIDE,ORDERID,LIST,OFFLOAD,ORDERSRCID,S_PRICE,B_PRICE,TANSFERT,BTC_TRANSFERED,ETH_TRANSFERED
0,1722820260695,0.0049,0.040648979591836734,sell,4064204813,WAIT_SELL,False,0,0.04011,0,False,0,0
1,1722820273857,0.0048,0.041,sell,4064206551,WAIT_SELL,False,0,0.04083,0,False,0,0,False,0,0
2,1722820286210,0.0048,0.041389583333333334,sell,4064208097,WAIT_SELL,False,0,0.04137,0,False,0,0,False,0,0
3,1722820297568,0.0048,0.041558333333333336,sell,4064209892,WAIT_SELL,False,0,0.04149,0,False,0,0,False,0,0
4,1722820307612,0.0048,0.041558333333333336,sell,4064211809,WAIT_SELL,False,0,0.04135,0,False,0,0,False,0,0
5,1722824242122,0.0047,0.04142978723404255,sell,4064848317,WAIT_SELL,False,0,0.04173,0,False,0,0,False,0,0
6,1722824256701,0.0048,0.04145833333333333,sell,4064852375,WAIT_SELL,False,0,0.04143,0,False,0,0,False,0,0
7,1722824268111,0.0048,0.04165,sell,4064854945,WAIT_SELL,False,0,0.04153,0,False,0,0,False,0,0
8,1722824279901,0.0047,0.04167872340425532,sell,4064857329,WAIT_SELL,False,0,0.04167,0,False,0,0
9,1722824291563,0.0047,0.041838297872340426,sell,4064859994,WAIT_SELL,False,0,0.04175,0,False,0,0,False,0,0
10,1722824303037,0.0047,0.0418,sell,4064863109,WAIT_SELL,False,0,0.04182,0,False,0,0
11,1722824324686,0.0047,0.041687234042553194,sell,4064866720,WAIT_SELL,False,0,0.0417,0,False,0,0
12,1722824367970,0.0047,0.04173829787234042,sell,4064871658,WAIT_SELL,False,0,0.04174,0,False,0,0
13,1722824379233,0.0047,0.041768085106382975,sell,4064873108,WAIT_SELL,False,0,0.04176,0,False,0,0
14,1722824403594,0.0048,0.04166875,sell,4064876496,WAIT_SELL,False,0,0.04166,0,False,0,0
15,1722824425929,0.0047,0.04170851063829787,sell,4064879469,WAIT_SELL,False,0,0.04172,0,False,0,0
16,1722824458367,0.0048,0.041639583333333334,sell,4064883493,WAIT_SELL,False,0,0.04165,0,False,0,0
17,1722824471128,0.0047,0.04166808510638298,sell,4064885196,WAIT_SELL,False,0,0.04168,0,False,0,0
18,1722824504162,0.0047,0.04186808510638298,sell,4064890394,WAIT_SELL,False,0,0.04184,0,False,0,0
19,1722824517464,0.0047,0.0419,sell,4064892562,WAIT_SELL,False,0,0.04187,0,False,0,0
20,1722824529396,0.0047,0.041919148936170214,sell,4064894389,WAIT_SELL,False,0,0.04192,0,False,0,0
21,1722824563583,0.0047,0.04201914893617021,sell,4064897747,WAIT_SELL,False,0,0.04193,0,False,0,0
22,1723102298738,0.0047,0.04223829787234042,sell,4075833210,WAIT_SELL,False,0,0.04224,0,False,0,0
23,1723102381178,0.0047,0.042229787234042554,sell,4075835644,WAIT_SELL,False,0,0.04223,0,False,0,0
24,1723102402847,0.0047,0.04220851063829787,sell,4075836478,WAIT_SELL,False,0,0.04222,0,False,0,0
25,1723102414804,0.0047,0.042189361702127656,sell,4075837405,WAIT_SELL,False,0,0.04218,0,False,0,0
26,1723102425784,0.0047,0.042189361702127656,sell,4075837781,WAIT_SELL,False,0,0.04217,0,False,0,0
27,1723102447326,0.0047,0.04220851063829787,sell,4075838285,WAIT_SELL,False,0,0.0422,0,False,0,0
28,1723102457697,0.0047,0.04221914893617021,sell,4075838508,WAIT_SELL,False,0,0.04221,0,False,0,0
29,1723102644725,0.0047,0.04217872340425532,sell,4075841741,WAIT_SELL,False,0,0.04219,0,False,0,0
30,1723131215580,0.0047,0.04216808510638298,sell,4076561186,WAIT_SELL,False,0,0.04216,0,False,0,0
31,1723131258057,0.0047,0.042148936170212765,sell,4076562247,WAIT_SELL,False,0,0.04215,0,False,0,0
32,1723131280582,0.0047,0.04212765957446808,sell,4076562949,WAIT_SELL,False,0,0.04213,0,False,0,0
33,1723131291132,0.0047,0.04213829787234043,sell,4076563197,WAIT_SELL,False,0,0.04214,0,False,0,0
34,1723131371824,0.0047,0.04211914893617021,sell,4076565299,WAIT_SELL,False,0,0.04212,0,False,0,0
35,1723131383841,0.0047,0.042029787234042555,sell,4076567428,WAIT_SELL,False,0,0.04206,0,False,0,0
36,1723131395984,0.0047,0.04205957446808511,sell,4076568828,WAIT_SELL,False,0,0.04203,0,False,0,0
37,1723131417610,0.0047,0.04205957446808511,sell,4076569980,WAIT_SELL,False,0,0.04205,0,False,0,0
38,1723131439020,0.0047,0.04206808510638298,sell,4076571686,WAIT_SELL,False,0,0.04208,0,False,0,0
39,1723131461316,0.0047,0.04212978723404255,sell,4076572862,WAIT_SELL,False,0,0.04211,0,False,0,0
40,1723131481608,0.0047,0.0421,sell,4076573606,WAIT_SELL,False,0,0.0421,0,False,0,0
41,1723131504106,0.0047,0.04208936170212766,sell,4076574168,WAIT_SELL,False,0,0.04209,0,False,0,0
42,1723131573324,0.0047,0.04208936170212766,sell,4076575857,WAIT_SELL,False,0,0.04207,0,False,0,0
43,1723131858850,0.0047,0.042038297872340424,sell,4076583330,WAIT_SELL,False,0,0.04204,0,False,0,0
44,1723217653199,0.0046,0.04282826086956522,sell,4078516034,WAIT_SELL,False,0,0.04283,0,False,0,0
45,1723217727388,0.0046,0.04280869565217391,sell,4078518204,WAIT_SELL,False,0,0.04282,0,False,0,0
46,1723217741244,0.0046,0.04278913043478261,sell,4078519366,WAIT_SELL,False,0,0.04279,0,False,0,0
47,1723217754231,0.0046,0.04280869565217391,sell,4078519780,WAIT_SELL,False,0,0.04281,0,False,0,0
48,1723217791481,0.0046,0.04277826086956522,sell,4078520937,WAIT_SELL,False,0,0.0428,0,False,0,0
49,1723217804978,0.0046,0.04278913043478261,sell,4078521866,WAIT_SELL,False,0,0.04277,0,False,0,0
50,1723218719151,0.0046,0.04278913043478261,sell,4078547012,WAIT_SELL,False,0,0.04278,0,False,0,0
51,1723218895936,0.0046,0.04275869565217391,sell,4078550845,WAIT_SELL,False,0,0.04276,0,False,0,0
52,1723219019551,0.0046,0.04275,sell,4078553806,WAIT_SELL,False,0,0.04275,0,False,0,0
53,1723219493176,0.0046,0.042728260869565216,sell,4078568358,WAIT_SELL,False,0,0.04274,0,False,0,0
54,1723233379216,0.0046,0.042728260869565216,sell,4078760122,WAIT_SELL,False,0,0.04273,0,False,0,0
55,1723233454224,0.0046,0.042717391304347825,sell,4078760842,WAIT_SELL,False,0,0.04272,0,False,0,0
56,1723233539771,0.0046,0.04270869565217391,sell,4078761712,WAIT_SELL,False,0,0.04271,0,False,0,0
57,1723233599900,0.0046,0.0427,sell,4078763046,WAIT_SELL,False,0,0.0427,0,False,0,0
58,1723233614147,0.0046,0.04268913043478261,sell,4078763445,WAIT_SELL,False,0,0.04269,0,False,0,0
59,1723234017682,0.0046,0.042678260869565214,sell,4078766943,WAIT_SELL,False,0,0.04268,0,False,0,0
60,1723234065611,0.0046,0.042669565217391306,sell,4078767213,WAIT_SELL,False,0,0.04267,0,False,0,0
61,1723237475443,0.0046,0.042658695652173916,sell,4078802051,WAIT_SELL,False,0,0.04266,0,False,0,0
62,1723237500683,0.0046,0.04263913043478261,sell,4078802555,WAIT_SELL,False,0,0.04265,0,False,0,0
63,1723245889677,0.0046,0.04263913043478261,sell,4078923366,WAIT_SELL,False,0,0.04264,0,False,0,0
64,1723246435246,0.0046,0.042619565217391304,sell,4078929148,WAIT_SELL,False,0,0.04263,0,False,0,0
65,1723246449589,0.0046,0.042619565217391304,sell,4078929625,WAIT_SELL,False,0,0.04262,0,False,0,0
66,1723250341682,0.0046,0.04262826086956522,sell,4079004937,WAIT_SELL,False,0,0.04261,0,False,0,0
67,1723250625434,0.0046,0.04258913043478261,sell,4079012408,WAIT_SELL,False,0,0.0426,0,False,0,0
68,1723251101071,0.0046,0.0426,sell,4079022334,WAIT_SELL,False,0,0.04259,0,False,0,0
69,1723313579502,0.0046,0.0428195652173913,sell,4079650371,WAIT_SELL,False,0,0.04285,0,False,0,0
70,1723337915732,0.0046,0.04295,sell,4079848678,WAIT_SELL,False,0,0.04295,0,False,0,0
71,1723338072541,0.0046,0.04295,sell,4079849791,WAIT_SELL,False,0,0.04296,0,False,0,0
72,1723338280427,0.0046,0.042939130434782605,sell,4079851516,WAIT_SELL,False,0,0.04294,0,False,0,0
73,1723338682460,0.0046,0.0429695652173913,sell,4079854511,WAIT_SELL,False,0,0.04297,0,False,0,0
74,1723338703315,0.0046,0.042978260869565216,sell,4079854678,WAIT_SELL,False,0,0.04298,0,False,0,0
75,1723338723728,0.0046,0.042989130434782606,sell,4079854819,WAIT_SELL,False,0,0.04299,0,False,0,0
76,1723342776344,0.0046,0.0430195652173913,sell,4079884491,WAIT_SELL,False,0,0.04302,0,False,0,0
77,1723342818722,0.0046,0.04300869565217391,sell,4079884767,WAIT_SELL,False,0,0.04301,0,False,0,0
78,1723342831109,0.0046,0.043,sell,4079884869,WAIT_SELL,False,0,0.043,0,False,0,0
79,1723344171156,0.0046,0.04302826086956522,sell,4079894109,WAIT_SELL,False,0,0.04303,0,False,0,0
80,1723344325193,0.0046,0.04303913043478261,sell,4079894702,WAIT_SELL,False,0,0.04304,0,False,0,0
81,1723348957005,0.0046,0.04328913043478261,sell,4079963368,WAIT_SELL,False,0,0.04329,0,False,0,0
82,1723348968620,0.0046,0.04327826086956522,sell,4079963568,WAIT_SELL,False,0,0.04328,0,False,0,0
83,1723349074111,0.0046,0.0432695652173913,sell,4079965279,WAIT_SELL,False,0,0.04327,0,False,0,0
84,1723349492127,0.0046,0.04325869565217391,sell,4079969135,WAIT_SELL,False,0,0.04326,0,False,0,0
85,1723422700341,0.0046,0.043069565217391304,sell,4081209937,WAIT_SELL,False,0,0.04311,0,False,0,0
86,1723422711736,0.0046,0.04313913043478261,sell,4081212504,WAIT_SELL,False,0,0.04316,0,False,0,0
87,1723422722761,0.0046,0.043169565217391306,sell,4081213560,WAIT_SELL,False,0,0.04317,0,False,0,0
88,1722745467984,0.0041,0.0480390243902439,buy,4062262656,WAIT_BUY,False,0,0,0.04804,False,0,0
89,1722760902789,0.0041,0.04804878048780488,buy,4062423776,WAIT_BUY,False,0,0,0.04805,False,0,0
90,1722762507799,0.0041,0.04805853658536585,buy,4062441238,WAIT_BUY,False,0,0,0.04806,False,0,0
91,1722762593694,0.0041,0.04806829268292683,buy,4062442051,WAIT_BUY,False,0,0,0.04807,False,0,0
92,1722783240525,0.0041,0.0481,buy,4062731762,WAIT_BUY,False,0,0,0.0481,False,0,0
93,1722783261213,0.0041,0.048148780487804875,buy,4062734806,WAIT_BUY,False,0,0,0.04815,False,0,0
94,1722783270903,0.0041,0.04816829268292683,buy,4062736417,WAIT_BUY,False,0,0,0.04817,False,0,0
95,1722783290382,0.0041,0.048158536585365855,buy,4062737228,WAIT_BUY,False,0,0,0.04816,False,0,0
96,1722783309241,0.0041,0.04812926829268293,buy,4062738142,WAIT_BUY,False,0,0,0.04814,False,0,0
97,1722783354815,0.0041,0.04811951219512195,buy,4062740427,WAIT_BUY,False,0,0,0.04813,False,0,0
98,1722783364702,0.0041,0.04811951219512195,buy,4062740635,WAIT_BUY,False,0,0,0.04812,False,0,0
99,1722783445579,0.0041,0.04806829268292683,buy,4062743591,WAIT_BUY,False,0,0,0.04808,False,0,0
100,1722783615627,0.0041,0.04808780487804878,buy,4062750840,WAIT_BUY,False,0,0,0.04809,False,0,0
101,1722783650734,0.0041,0.04810975609756098,buy,4062752374,WAIT_BUY,False,0,0,0.04811,False,0,0
102,1722783861639,0.0041,0.0482,buy,4062761087,WAIT_BUY,False,0,0,0.04819,False,0,0
103,1722783871099,0.0041,0.0482,buy,4062761569,WAIT_BUY,False,0,0,0.0482,False,0,0
104,1722783889389,0.0041,0.04818780487804878,buy,4062762230,WAIT_BUY,False,0,0,0.04821,False,0,0
105,1722783899628,0.0041,0.04816829268292683,buy,4062762633,WAIT_BUY,False,0,0,0.04818,False,0,0
106,1722784219943,0.0041,0.048029268292682926,buy,4062776493,WAIT_BUY,False,0,0,0.04802,False,0,0
107,1722784247375,0.0041,0.048,buy,4062777655,WAIT_BUY,False,0,0,0.048,False,0,0
108,1722784266497,0.0041,0.04798780487804878,buy,4062778480,WAIT_BUY,False,0,0,0.04799,False,0,0
109,1722785934313,0.0041,0.047929268292682924,buy,4062828065,WAIT_BUY,False,0,0,0.04793,False,0,0
110,1722785943903,0.0041,0.047948780487804876,buy,4062828512,WAIT_BUY,False,0,0,0.04794,False,0,0
111,1722785953683,0.0041,0.0479390243902439,buy,4062829060,WAIT_BUY,False,0,0,0.04796,False,0,0
112,1722785963790,0.0041,0.04791951219512195,buy,4062829433,WAIT_BUY,False,0,0,0.04792,False,0,0
113,1722786017839,0.0041,0.047948780487804876,buy,4062830713,WAIT_BUY,False,0,0,0.04795,False,0,0
114,1722786134498,0.0041,0.04796829268292683,buy,4062833198,WAIT_BUY,False,0,0,0.04797,False,0,0
115,1722786179592,0.0041,0.048,buy,4062834577,WAIT_BUY,False,0,0,0.04801,False,0,0
116,1722786307374,0.0041,0.04798780487804878,buy,4062836769,WAIT_BUY,False,0,0,0.04798,False,0,0
117,1722786573168,0.0041,0.04790975609756098,buy,4062843109,WAIT_BUY,False,0,0,0.04791,False,0,0
118,1722786737994,0.0041,0.0479,buy,4062848283,WAIT_BUY,False,0,0,0.0479,False,0,0
119,1722786803076,0.0041,0.04788780487804878,buy,4062850551,WAIT_BUY,False,0,0,0.04789,False,0,0
120,1722786955430,0.0041,0.047878048780487806,buy,4062853727,WAIT_BUY,False,0,0,0.04788,False,0,0
121,1722805980376,0.0042,0.04660952380952381,buy,4063640655,WAIT_BUY,False,0,0,0.04661,False,0,0
122,1722806507503,0.0042,0.04662857142857143,buy,4063648266,WAIT_BUY,False,0,0,0.04662,False,0,0
123,1722806517593,0.0042,0.04665952380952381,buy,4063648974,WAIT_BUY,False,0,0,0.04663,False,0,0
124,1722806527715,0.0042,0.04665952380952381,buy,4063649257,WAIT_BUY,False,0,0,0.04666,False,0,0
125,1722806557413,0.0042,0.04668809523809524,buy,4063650114,WAIT_BUY,False,0,0,0.04669,False,0,0
126,1722806567660,0.0042,0.0467,buy,4063650425,WAIT_BUY,False,0,0,0.04668,False,0,0
127,1722806577950,0.0042,0.0467,buy,4063650569,WAIT_BUY,False,0,0,0.0467,False,0,0
128,1722806682417,0.0042,0.04666904761904762,buy,4063651495,WAIT_BUY,False,0,0,0.04667,False,0,0
129,1722806739969,0.0042,0.04671904761904762,buy,4063652390,WAIT_BUY,False,0,0,0.04672,False,0,0
130,1722806841435,0.0042,0.04671904761904762,buy,4063653262,WAIT_BUY,False,0,0,0.04671,False,0,0
131,1722806930608,0.0042,0.046759523809523806,buy,4063655463,WAIT_BUY,False,0,0,0.04677,False,0,0
132,1722806940862,0.0042,0.046759523809523806,buy,4063655532,WAIT_BUY,False,0,0,0.04676,False,0,0
133,1722806989413,0.0042,0.04671904761904762,buy,4063656743,WAIT_BUY,False,0,0,0.04673,False,0,0
134,1722807093943,0.0042,0.04673809523809524,buy,4063657718,WAIT_BUY,False,0,0,0.04674,False,0,0
135,1722807404942,0.0042,0.046638095238095235,buy,4063664489,WAIT_BUY,False,0,0,0.04664,False,0,0
136,1722807414658,0.0042,0.04665,buy,4063665490,WAIT_BUY,False,0,0,0.04665,False,0,0
137,1722808348066,0.0042,0.04675,buy,4063683185,WAIT_BUY,False,0,0,0.04675,False,0,0
138,1722810695669,0.0042,0.04653809523809524,buy,4063734310,WAIT_BUY,False,0,0,0.04654,False,0,0
139,1722810735557,0.0042,0.046528571428571426,buy,4063734972,WAIT_BUY,False,0,0,0.04653,False,0,0
140,1722810794072,0.0042,0.046509523809523806,buy,4063735749,WAIT_BUY,False,0,0,0.04652,False,0,0
141,1722810804176,0.0043,0.0465093023255814,buy,4063735890,WAIT_BUY,False,0,0,0.04651,False,0,0
142,1722810881971,0.0043,0.046488372093023256,buy,4063737099,WAIT_BUY,False,0,0,0.04649,False,0,0
143,1722810892482,0.0043,0.0465,buy,4063737259,WAIT_BUY,False,0,0,0.0465,False,0,0
144,1722811290367,0.0043,0.04646976744186047,buy,4063742436,WAIT_BUY,False,0,0,0.04647,False,0,0
145,1722811323751,0.0043,0.04647906976744186,buy,4063742807,WAIT_BUY,False,0,0,0.04648,False,0,0
146,1722811634363,0.0043,0.046448837209302325,buy,4063746092,WAIT_BUY,False,0,0,0.04645,False,0,0
147,1722811667597,0.0043,0.04645813953488372,buy,4063746588,WAIT_BUY,False,0,0,0.04646,False,0,0
148,1722811737043,0.0043,0.04643953488372093,buy,4063747442,WAIT_BUY,False,0,0,0.04644,False,0,0
149,1722814425415,0.0043,0.04634883720930232,buy,4063783386,WAIT_BUY,False,0,0,0.04634,False,0,0
150,1722814436317,0.0043,0.04635813953488372,buy,4063783623,WAIT_BUY,False,0,0,0.04636,False,0,0
151,1722814466203,0.0043,0.04632790697674419,buy,4063784210,WAIT_BUY,False,0,0,0.04633,False,0,0
152,1722814485295,0.0043,0.04634883720930232,buy,4063784577,WAIT_BUY,False,0,0,0.04635,False,0,0
153,1722814562303,0.0043,0.04635813953488372,buy,4063785586,WAIT_BUY,False,0,0,0.04637,False,0,0
154,1722814745514,0.0043,0.04631860465116279,buy,4063787929,WAIT_BUY,False,0,0,0.04632,False,0,0
155,1722814854095,0.0043,0.0463,buy,4063788992,WAIT_BUY,False,0,0,0.04631,False,0,0
156,1722814864045,0.0043,0.04630930232558139,buy,4063789087,WAIT_BUY,False,0,0,0.0463,False,0,0
157,1722814904673,0.0043,0.04628837209302326,buy,4063789486,WAIT_BUY,False,0,0,0.04629,False,0,0
158,1722814927634,0.0043,0.04627906976744186,buy,4063789687,WAIT_BUY,False,0,0,0.04628,False,0,0
159,1722817040658,0.0043,0.04625813953488372,buy,4063846058,WAIT_BUY,False,0,0,0.04626,False,0,0
160,1722817059753,0.0043,0.04625813953488372,buy,4063846729,WAIT_BUY,False,0,0,0.04627,False,0,0
161,1722817098006,0.0043,0.04623953488372093,buy,4063849345,WAIT_BUY,False,0,0,0.04622,False,0,0
162,1722817108474,0.0043,0.04626976744186047,buy,4063849899,WAIT_BUY,False,0,0,0.04625,False,0,0
163,1722817138814,0.0043,0.046209302325581396,buy,4063851255,WAIT_BUY,False,0,0,0.04621,False,0,0
164,1722817301720,0.0043,0.04623953488372093,buy,4063857987,WAIT_BUY,False,0,0,0.04623,False,0,0
165,1722817331848,0.0043,0.0462,buy,4063859173,WAIT_BUY,False,0,0,0.04619,False,0,0
166,1722817353604,0.0043,0.0462,buy,4063859816,WAIT_BUY,False,0,0,0.0462,False,0,0
167,1722817479811,0.0043,0.04617906976744186,buy,4063866373,WAIT_BUY,False,0,0,0.04618,False,0,0
168,1722817550955,0.0043,0.046248837209302326,buy,4063869493,WAIT_BUY,False,0,0,0.04624,False,0,0
169,1722818185560,0.0043,0.04613953488372093,buy,4063896137,WAIT_BUY,False,0,0,0.04614,False,0,0
170,1722818228293,0.0043,0.04612790697674419,buy,4063898979,WAIT_BUY,False,0,0,0.04612,False,0,0
171,1722818272376,0.0043,0.04611860465116279,buy,4063904547,WAIT_BUY,False,0,0,0.04611,False,0,0
172,1722818282844,0.0043,0.04612790697674419,buy,4063905132,WAIT_BUY,False,0,0,0.04613,False,0,0
173,1722818292921,0.0043,0.04607906976744186,buy,4063906337,WAIT_BUY,False,0,0,0.04616,False,0,0
174,1723504772195,0.0043,0.04601860465116279,buy,4083105382,WAIT_BUY,False,0,0,0.04591,False,0,0
175,1723504786313,0.0043,0.0460093023255814,buy,4083107965,WAIT_BUY,False,0,0,0.04599,False,0,0
176,1723504797701,0.0043,0.04601860465116279,buy,4083109141,WAIT_BUY,False,0,0,0.046,False,0,0
177,1723504809339,0.0043,0.0460093023255814,buy,4083110401,WAIT_BUY,False,0,0,0.04602,False,0,0
178,1723504820779,0.0043,0.046027906976744186,buy,4083111714,WAIT_BUY,False,0,0,0.04601,False,0,0
179,1723504831986,0.0043,0.04604883720930233,buy,4083113118,WAIT_BUY,False,0,0,0.04606,False,0,0
180,1723504843824,0.0043,0.04605813953488372,buy,4083114292,WAIT_BUY,False,0,0,0.04607,False,0,0
181,1723504874718,0.0043,0.04604883720930233,buy,4083115955,WAIT_BUY,False,0,0,0.04605,False,0,0
182,1723504887220,0.0043,0.04601860465116279,buy,4083117110,WAIT_BUY,False,0,0,0.04603,False,0,0
183,1723504920437,0.0043,0.04603953488372093,buy,4083118361,WAIT_BUY,False,0,0,0.04604,False,0,0
184,1723506500176,0.0043,0.04607906976744186,buy,4083161441,WAIT_BUY,False,0,0,0.04609,False,0,0
185,1723506512961,0.0043,0.0461,buy,4083161705,WAIT_BUY,False,0,0,0.0461,False,0,0
186,1723504794896,0.0043,0.04617,sell,4083159631,SELL_PROFIT,True,4083107965,0,0,False,0,0
187,1723504817912,0.0043,0.04617,sell,4083159637,SELL_PROFIT,True,4083110401,0,0,False,0,0
188,1723504784146,0.0043,0.04618,sell,4083160127,SELL_PROFIT,True,4083105382,0,0,False,0,0
189,1723504806296,0.0043,0.04618,sell,4083160153,SELL_PROFIT,True,4083109141,0,0,False,0,0
190,1723504896873,0.0043,0.04618,sell,4083160161,SELL_PROFIT,True,4083117110,0,0,False,0,0
191,1723504829559,0.0043,0.04619,sell,4083112910,SELL_PROFIT,True,4083111714,0,0,False,0,0
192,1723504928804,0.0043,0.0462,sell,4083118710,SELL_PROFIT,True,4083118361,0,0,False,0,0
193,1723504841409,0.0043,0.04621,sell,4083114178,SELL_PROFIT,True,4083113118,0,0,False,0,0
194,1723504884609,0.0043,0.04621,sell,4083117048,SELL_PROFIT,True,4083115955,0,0,False,0,0
195,1723504852447,0.0043,0.04622,sell,4083114791,SELL_PROFIT,True,4083114292,0,0,False,0,0
196,1722818301646,0.0043,0.04624,sell,4063907453,SELL_PROFIT,True,4063906337,0,0,False,0,0
197,1723506509947,0.0043,0.04624,sell,4083161680,SELL_PROFIT,True,4083161441,0,0,False,0,0
198,1723506522756,0.0043,0.04626,sell,4083161987,SELL_PROFIT,True,4083161705,0,0,False,0,0
199,1722818280281,0.0043,0.04628,sell,4063904935,SELL_PROFIT,True,4063904547,0,0,False,0,0
200,1722818239382,0.0043,0.04629,sell,4063901421,SELL_PROFIT,True,4063898979,0,0,False,0,0
201,1722818290949,0.0043,0.04629,sell,4063905864,SELL_PROFIT,True,4063905132,0,0,False,0,0
202,1722818193747,0.0043,0.0463,sell,4063896807,SELL_PROFIT,True,4063896137,0,0,False,0,0
203,1722817488269,0.0043,0.04634,sell,4063889416,SELL_PROFIT,True,4063866373,0,0,False,0,0
204,1722817340172,0.0043,0.04636,sell,4063872698,SELL_PROFIT,True,4063859173,0,0,False,0,0
205,1722817361734,0.0043,0.04636,sell,4063872708,SELL_PROFIT,True,4063859816,0,0,False,0,0
206,1722817146656,0.0043,0.04637,sell,4063851545,SELL_PROFIT,True,4063851255,0,0,False,0,0
207,1722817106577,0.0043,0.0464,sell,4063849810,SELL_PROFIT,True,4063849345,0,0,False,0,0
208,1722817309600,0.0043,0.0464,sell,4063858171,SELL_PROFIT,True,4063857987,0,0,False,0,0
209,1722817559359,0.0043,0.04641,sell,4063869848,SELL_PROFIT,True,4063869493,0,0,False,0,0
210,1722817048432,0.0043,0.04642,sell,4063846361,SELL_PROFIT,True,4063846058,0,0,False,0,0
211,1722817068178,0.0043,0.04642,sell,4063847125,SELL_PROFIT,True,4063846729,0,0,False,0,0
212,1722817116808,0.0043,0.04643,sell,4063850488,SELL_PROFIT,True,4063849899,0,0,False,0,0
213,1722814935646,0.0043,0.04644,sell,4063789795,SELL_PROFIT,True,4063789687,0,0,False,0,0
214,1722814912879,0.0043,0.04645,sell,4063789585,SELL_PROFIT,True,4063789486,0,0,False,0,0
215,1722814862078,0.0043,0.04646,sell,4063789075,SELL_PROFIT,True,4063788992,0,0,False,0,0
216,1722814872190,0.0043,0.04647,sell,4063789176,SELL_PROFIT,True,4063789087,0,0,False,0,0
217,1722814753412,0.0043,0.04648,sell,4063787983,SELL_PROFIT,True,4063787929,0,0,False,0,0
218,1722814474029,0.0043,0.04649,sell,4063784312,SELL_PROFIT,True,4063784210,0,0,False,0,0
219,1722814433273,0.0043,0.04651,sell,4063783587,SELL_PROFIT,True,4063783386,0,0,False,0,0
220,1722814493819,0.0043,0.04651,sell,4063784643,SELL_PROFIT,True,4063784577,0,0,False,0,0
221,1722814444812,0.0043,0.04652,sell,4063783760,SELL_PROFIT,True,4063783623,0,0,False,0,0
222,1722814570234,0.0043,0.04652,sell,4063785733,SELL_PROFIT,True,4063785586,0,0,False,0,0
223,1722811746103,0.0043,0.0466,sell,4063747618,SELL_PROFIT,True,4063747442,0,0,False,0,0
224,1722811643277,0.0043,0.04661,sell,4063746199,SELL_PROFIT,True,4063746092,0,0,False,0,0
225,1722811676904,0.0043,0.04662,sell,4063746689,SELL_PROFIT,True,4063746588,0,0,False,0,0
226,1722811299157,0.0043,0.04663,sell,4063742516,SELL_PROFIT,True,4063742436,0,0,False,0,0
227,1722811333209,0.0043,0.04664,sell,4063742873,SELL_PROFIT,True,4063742807,0,0,False,0,0
228,1722810890522,0.0043,0.04665,sell,4063737232,SELL_PROFIT,True,4063737099,0,0,False,0,0
229,1722810900525,0.0043,0.04666,sell,4063737303,SELL_PROFIT,True,4063737259,0,0,False,0,0
230,1722810801980,0.0042,0.04667,sell,4063735876,SELL_PROFIT,True,4063735749,0,0,False,0,0
231,1722810812494,0.0043,0.04667,sell,4063736028,SELL_PROFIT,True,4063735890,0,0,False,0,0
232,1722810744072,0.0042,0.04669,sell,4063735120,SELL_PROFIT,True,4063734972,0,0,False,0,0
233,1722810703543,0.0042,0.0467,sell,4063734421,SELL_PROFIT,True,4063734310,0,0,False,0,0
234,1722805989857,0.0042,0.04677,sell,4063687353,SELL_PROFIT,True,4063640655,0,0,False,0,0
235,1722806515699,0.0042,0.04679,sell,4063683016,SELL_PROFIT,True,4063648266,0,0,False,0,0
236,1722807412738,0.0042,0.0468,sell,4063683174,SELL_PROFIT,True,4063664489,0,0,False,0,0
237,1722807423154,0.0042,0.04681,sell,4063666332,SELL_PROFIT,True,4063665490,0,0,False,0,0
238,1722806525830,0.0042,0.04682,sell,4063655377,SELL_PROFIT,True,4063648974,0,0,False,0,0
239,1722806535457,0.0042,0.04682,sell,4063655399,SELL_PROFIT,True,4063649257,0,0,False,0,0
240,1722806690813,0.0042,0.04683,sell,4063651586,SELL_PROFIT,True,4063651495,0,0,False,0,0
241,1722806565343,0.0042,0.04685,sell,4063650325,SELL_PROFIT,True,4063650114,0,0,False,0,0
242,1722806575841,0.0042,0.04686,sell,4063650547,SELL_PROFIT,True,4063650425,0,0,False,0,0
243,1722806586351,0.0042,0.04686,sell,4063650623,SELL_PROFIT,True,4063650569,0,0,False,0,0
244,1722806747763,0.0042,0.04688,sell,4063652523,SELL_PROFIT,True,4063652390,0,0,False,0,0
245,1722806849613,0.0042,0.04688,sell,4063653334,SELL_PROFIT,True,4063653262,0,0,False,0,0
246,1722806997358,0.0042,0.04688,sell,4063656784,SELL_PROFIT,True,4063656743,0,0,False,0,0
247,1722807102098,0.0042,0.0469,sell,4063657733,SELL_PROFIT,True,4063657718,0,0,False,0,0
248,1722808355993,0.0042,0.04691,sell,4063683554,SELL_PROFIT,True,4063683185,0,0,False,0,0
249,1722806938520,0.0042,0.04692,sell,4063655518,SELL_PROFIT,True,4063655463,0,0,False,0,0
250,1722806948855,0.0042,0.04692,sell,4063655995,SELL_PROFIT,True,4063655532,0,0,False,0,0
251,1722786964222,0.0041,0.04805,sell,4062947115,SELL_PROFIT,True,4062853727,0,0,False,0,0
252,1722786811262,0.0041,0.04806,sell,4062947442,SELL_PROFIT,True,4062850551,0,0,False,0,0
253,1722786746149,0.0041,0.04807,sell,4062950303,SELL_PROFIT,True,4062848283,0,0,False,0,0
254,1722786581123,0.0041,0.04808,sell,4062954470,SELL_PROFIT,True,4062843109,0,0,False,0,0
255,1722785971268,0.0041,0.04809,sell,4062954808,SELL_PROFIT,True,4062829433,0,0,False,0,0
256,1722785942168,0.0041,0.0481,sell,4062956439,SELL_PROFIT,True,4062828065,0,0,False,0,0
257,1722785961804,0.0041,0.04811,sell,4062829387,SELL_PROFIT,True,4062829060,0,0,False,0,0
258,1722785951542,0.0041,0.04812,sell,4062828902,SELL_PROFIT,True,4062828512,0,0,False,0,0
259,1722786025339,0.0041,0.04812,sell,4062830958,SELL_PROFIT,True,4062830713,0,0,False,0,0
260,1722786141990,0.0041,0.04814,sell,4062833355,SELL_PROFIT,True,4062833198,0,0,False,0,0
261,1722784273920,0.0041,0.04816,sell,4062778735,SELL_PROFIT,True,4062778480,0,0,False,0,0
262,1722786316177,0.0041,0.04816,sell,4062837098,SELL_PROFIT,True,4062836769,0,0,False,0,0
263,1722784254811,0.0041,0.04817,sell,4062777994,SELL_PROFIT,True,4062777655,0,0,False,0,0
264,1722786187078,0.0041,0.04817,sell,4062834762,SELL_PROFIT,True,4062834577,0,0,False,0,0
265,1722784227983,0.0041,0.0482,sell,4062776987,SELL_PROFIT,True,4062776493,0,0,False,0,0
266,1722745475924,0.0041,0.04821,sell,4062765489,SELL_PROFIT,True,4062262656,0,0,False,0,0
267,1722760910508,0.0041,0.04822,sell,4062760517,SELL_PROFIT,True,4062423776,0,0,False,0,0
268,1722762515134,0.0041,0.04823,sell,4062760526,SELL_PROFIT,True,4062441238,0,0,False,0,0
269,1722762601045,0.0041,0.04824,sell,4062760536,SELL_PROFIT,True,4062442051,0,0,False,0,0
270,1722783453152,0.0041,0.04824,sell,4062760798,SELL_PROFIT,True,4062743591,0,0,False,0,0
271,1722783622996,0.0041,0.04826,sell,4062762069,SELL_PROFIT,True,4062750840,0,0,False,0,0
272,1722783248067,0.0041,0.04827,sell,4062732057,SELL_PROFIT,True,4062731762,0,0,False,0,0
273,1722783658120,0.0041,0.04828,sell,4062752521,SELL_PROFIT,True,4062752374,0,0,False,0,0
274,1722783362803,0.0041,0.04829,sell,4062740573,SELL_PROFIT,True,4062740427,0,0,False,0,0
275,1722783372511,0.0041,0.04829,sell,4062740912,SELL_PROFIT,True,4062740635,0,0,False,0,0
276,1722783317078,0.0041,0.0483,sell,4062738731,SELL_PROFIT,True,4062738142,0,0,False,0,0
277,1722783269248,0.0041,0.04832,sell,4062736268,SELL_PROFIT,True,4062734806,0,0,False,0,0
278,1722783297967,0.0041,0.04833,sell,4062737609,SELL_PROFIT,True,4062737228,0,0,False,0,0
279,1722783278844,0.0041,0.04834,sell,4062736825,SELL_PROFIT,True,4062736417,0,0,False,0,0
280,1722783907692,0.0041,0.04834,sell,4062762892,SELL_PROFIT,True,4062762633,0,0,False,0,0
281,1722783896802,0.0041,0.04836,sell,4062762506,SELL_PROFIT,True,4062762230,0,0,False,0,0
282,1722783869002,0.0041,0.04837,sell,4062761496,SELL_PROFIT,True,4062761087,0,0,False,0,0
283,1722783878447,0.0041,0.04837,sell,4062761828,SELL_PROFIT,True,4062761569,0,0,False,0,0
284,1723348966009,0.0046,0.04305,buy,4079963550,BUY_PROFIT,True,4079963368,0,0,False,0,0
285,1723348977690,0.0046,0.04304,buy,4079963951,BUY_PROFIT,True,4079963568,0,0,False,0,0
286,1723349082966,0.0046,0.04303,buy,4079965370,BUY_PROFIT,True,4079965279,0,0,False,0,0
287,1723349500537,0.0046,0.04302,buy,4079969478,BUY_PROFIT,True,4079969135,0,0,False,0,0
288,1723422732007,0.0046,0.04293,buy,4081214330,BUY_PROFIT,True,4081213560,0,0,False,0,0
289,1723422720166,0.0046,0.0429,buy,4081213270,BUY_PROFIT,True,4081212504,0,0,False,0,0
290,1723422708937,0.0046,0.04283,buy,4081212173,BUY_PROFIT,True,4081209937,0,0,False,0,0
291,1723344333530,0.0046,0.0428,buy,4079894725,BUY_PROFIT,True,4079894702,0,0,False,0,0
292,1723344180548,0.0046,0.04279,buy,4079894129,BUY_PROFIT,True,4079894109,0,0,False,0,0
293,1723342784896,0.0046,0.04278,buy,4079884557,BUY_PROFIT,True,4079884491,0,0,False,0,0
294,1723342827902,0.0046,0.04277,buy,4079884859,BUY_PROFIT,True,4079884767,0,0,False,0,0
295,1723342840094,0.0046,0.04276,buy,4079884919,BUY_PROFIT,True,4079884869,0,0,False,0,0
296,1723338733831,0.0046,0.04275,buy,4079854891,BUY_PROFIT,True,4079854819,0,0,False,0,0
297,1723338711843,0.0046,0.04274,buy,4079854692,BUY_PROFIT,True,4079854678,0,0,False,0,0
298,1723338690747,0.0046,0.04273,buy,4079854578,BUY_PROFIT,True,4079854511,0,0,False,0,0
299,1723337924671,0.0046,0.04271,buy,4079848704,BUY_PROFIT,True,4079848678,0,0,False,0,0
300,1723338081509,0.0046,0.04271,buy,4079849864,BUY_PROFIT,True,4079849791,0,0,False,0,0
301,1723338288739,0.0046,0.0427,buy,4079851678,BUY_PROFIT,True,4079851516,0,0,False,0,0
302,1723217662716,0.0046,0.04259,buy,4079726896,BUY_PROFIT,True,4078516034,0,0,False,0,0
303,1723313590452,0.0046,0.04258,buy,4079729627,BUY_PROFIT,True,4079650371,0,0,False,0,0
304,1723217737851,0.0046,0.04257,buy,4079728109,BUY_PROFIT,True,4078518204,0,0,False,0,0
305,1723217764128,0.0046,0.04257,buy,4079728111,BUY_PROFIT,True,4078519780,0,0,False,0,0
306,1723217751232,0.0046,0.04255,buy,4079023353,BUY_PROFIT,True,4078519366,0,0,False,0,0
307,1723217814706,0.0046,0.04255,buy,4079023355,BUY_PROFIT,True,4078521866,0,0,False,0,0
308,1723218729353,0.0046,0.04255,buy,4079023376,BUY_PROFIT,True,4078547012,0,0,False,0,0
309,1723217801904,0.0046,0.04254,buy,4079022217,BUY_PROFIT,True,4078520937,0,0,False,0,0
310,1723218906546,0.0046,0.04252,buy,4078550999,BUY_PROFIT,True,4078550845,0,0,False,0,0
311,1723219029723,0.0046,0.04252,buy,4078554055,BUY_PROFIT,True,4078553806,0,0,False,0,0
312,1723219503420,0.0046,0.04249,buy,4078569076,BUY_PROFIT,True,4078568358,0,0,False,0,0
313,1723233388725,0.0046,0.04249,buy,4078760221,BUY_PROFIT,True,4078760122,0,0,False,0,0
314,1723233463773,0.0046,0.04248,buy,4078760980,BUY_PROFIT,True,4078760842,0,0,False,0,0
315,1723233549221,0.0046,0.04247,buy,4078761858,BUY_PROFIT,True,4078761712,0,0,False,0,0
316,1723233611374,0.0046,0.04247,buy,4078763399,BUY_PROFIT,True,4078763046,0,0,False,0,0
317,1723233624542,0.0046,0.04246,buy,4078763581,BUY_PROFIT,True,4078763445,0,0,False,0,0
318,1723234027154,0.0046,0.04244,buy,4078767002,BUY_PROFIT,True,4078766943,0,0,False,0,0
319,1723234075262,0.0046,0.04244,buy,4078767309,BUY_PROFIT,True,4078767213,0,0,False,0,0
320,1723237485124,0.0046,0.04242,buy,4078802129,BUY_PROFIT,True,4078802051,0,0,False,0,0
321,1723237510269,0.0046,0.04241,buy,4078803620,BUY_PROFIT,True,4078802555,0,0,False,0,0
322,1723245899315,0.0046,0.04241,buy,4078923393,BUY_PROFIT,True,4078923366,0,0,False,0,0
323,1723246446485,0.0046,0.04239,buy,4078929548,BUY_PROFIT,True,4078929148,0,0,False,0,0
324,1723246460334,0.0046,0.04239,buy,4078929729,BUY_PROFIT,True,4078929625,0,0,False,0,0
325,1723250351296,0.0046,0.04239,buy,4079005330,BUY_PROFIT,True,4079004937,0,0,False,0,0
326,1723251110642,0.0046,0.04237,buy,4079022401,BUY_PROFIT,True,4079022334,0,0,False,0,0
327,1723250634940,0.0046,0.04236,buy,4079012699,BUY_PROFIT,True,4079012408,0,0,False,0,0
328,1723102306888,0.0047,0.04201,buy,4076587431,BUY_PROFIT,True,4075833210,0,0,False,0,0
329,1723102390130,0.0047,0.042,buy,4076583247,BUY_PROFIT,True,4075835644,0,0,False,0,0
330,1723102465811,0.0047,0.04199,buy,4076583249,BUY_PROFIT,True,4075838508,0,0,False,0,0
331,1723102411705,0.0047,0.04198,buy,4076568508,BUY_PROFIT,True,4075836478,0,0,False,0,0
332,1723102455457,0.0047,0.04198,buy,4076568518,BUY_PROFIT,True,4075838285,0,0,False,0,0
333,1723102423144,0.0047,0.04196,buy,4075837712,BUY_PROFIT,True,4075837405,0,0,False,0,0
334,1723102433887,0.0047,0.04196,buy,4075837991,BUY_PROFIT,True,4075837781,0,0,False,0,0
335,1723102654142,0.0047,0.04195,buy,4075841881,BUY_PROFIT,True,4075841741,0,0,False,0,0
336,1723131224148,0.0047,0.04194,buy,4076561378,BUY_PROFIT,True,4076561186,0,0,False,0,0
337,1723131266144,0.0047,0.04192,buy,4076562366,BUY_PROFIT,True,4076562247,0,0,False,0,0
338,1723131299443,0.0047,0.04191,buy,4076563289,BUY_PROFIT,True,4076563197,0,0,False,0,0
339,1723131288682,0.0047,0.0419,buy,4076563156,BUY_PROFIT,True,4076562949,0,0,False,0,0
340,1723131469805,0.0047,0.0419,buy,4076573152,BUY_PROFIT,True,4076572862,0,0,False,0,0
341,1723131381809,0.0047,0.04189,buy,4076566954,BUY_PROFIT,True,4076565299,0,0,False,0,0
342,1723131489700,0.0047,0.04187,buy,4076573950,BUY_PROFIT,True,4076573606,0,0,False,0,0
343,1723131512843,0.0047,0.04186,buy,4076574277,BUY_PROFIT,True,4076574168,0,0,False,0,0
344,1723131581626,0.0047,0.04186,buy,4076576043,BUY_PROFIT,True,4076575857,0,0,False,0,0
345,1723131448845,0.0047,0.04184,buy,4076572373,BUY_PROFIT,True,4076571686,0,0,False,0,0
346,1723131404232,0.0047,0.04183,buy,4076569242,BUY_PROFIT,True,4076568828,0,0,False,0,0
347,1723131425665,0.0047,0.04183,buy,4076570271,BUY_PROFIT,True,4076569980,0,0,False,0,0
348,1723131866938,0.0047,0.04181,buy,4076583521,BUY_PROFIT,True,4076583330,0,0,False,0,0
349,1723131393771,0.0047,0.0418,buy,4076568681,BUY_PROFIT,True,4076567428,0,0,False,0,0
350,1722824572358,0.0047,0.04179,buy,4064899255,BUY_PROFIT,True,4064897747,0,0,False,0,0
351,1722824538181,0.0047,0.04169,buy,4064895165,BUY_PROFIT,True,4064894389,0,0,False,0,0
352,1722824526926,0.0047,0.04167,buy,4064894018,BUY_PROFIT,True,4064892562,0,0,False,0,0
353,1722824514104,0.0047,0.04164,buy,4064892025,BUY_PROFIT,True,4064890394,0,0,False,0,0
354,1722824300233,0.0047,0.04161,buy,4064882970,BUY_PROFIT,True,4064859994,0,0,False,0,0
355,1722824311944,0.0047,0.04157,buy,4064864623,BUY_PROFIT,True,4064863109,0,0,False,0,0
356,1722824388589,0.0047,0.04154,buy,4064874334,BUY_PROFIT,True,4064873108,0,0,False,0,0
357,1722824376623,0.0047,0.04151,buy,4064872702,BUY_PROFIT,True,4064871658,0,0,False,0,0
358,1722824434834,0.0047,0.04148,buy,4064880374,BUY_PROFIT,True,4064879469,0,0,False,0,0
359,1722824333934,0.0047,0.04146,buy,4064867865,BUY_PROFIT,True,4064866720,0,0,False,0,0
360,1722824289175,0.0047,0.04145,buy,4064859510,BUY_PROFIT,True,4064857329,0,0,False,0,0
361,1722824412629,0.0048,0.04144,buy,4064877938,BUY_PROFIT,True,4064876496,0,0,False,0,0
362,1722824480516,0.0047,0.04144,buy,4064885978,BUY_PROFIT,True,4064885196,0,0,False,0,0
363,1722824277157,0.0048,0.04142,buy,4064856699,BUY_PROFIT,True,4064854945,0,0,False,0,0
364,1722824467586,0.0048,0.04141,buy,4064884692,BUY_PROFIT,True,4064883493,0,0,False,0,0
365,1722820305729,0.0048,0.04133,buy,4064211467,BUY_PROFIT,True,4064209892,0,0,False,0,0
366,1722820315647,0.0048,0.04133,buy,4064213031,BUY_PROFIT,True,4064211809,0,0,False,0,0
367,1722824265726,0.0048,0.04123,buy,4064854223,BUY_PROFIT,True,4064852375,0,0,False,0,0
368,1722824254300,0.0047,0.0412,buy,4064851563,BUY_PROFIT,True,4064848317,0,0,False,0,0
369,1722820294791,0.0048,0.04116,buy,4064209458,BUY_PROFIT,True,4064208097,0,0,False,0,0
370,1722820282794,0.0048,0.04078,buy,4064207685,BUY_PROFIT,True,4064206551,0,0,False,0,0
371,1722820269159,0.0049,0.04043,buy,4064205950,BUY_PROFIT,True,4064204813,0,0,False,0,0
